Address,Price,Neighbourhood,City,Bedrooms,Bathrooms,Home Type
1004 1003 Burnaby Street,"$680,000",West End,Vancouver,1 bd,1,Apt/Condo
512 2220 Kingsway Street,"$879,000",Victoria East,Vancouver,2 bd,2,Apt/Condo
5756 St. Margarets Street,"$2,288,000",Killarney,Vancouver,6 bd,3,House
7232 Granville Street,"$2,688,000",South Granville,Vancouver,3 bd,2,House
1207 8533 River District Crossing,"$909,000",South Marine,Vancouver,2 bd,2,Apt/Condo
Thk 1111 Marinaside Crescent,"$3,499,000",Yaletown,Vancouver,3 bd,3,Townhouse
585 W 26th Avenue,"$2,299,900",Cambie,Vancouver,4 bd,3,Townhouse
557 W 26th Avenue,"$2,199,900",Cambie,Vancouver,4 bd,3,Townhouse
2302 1499 W Pender Street,"$2,999,900",Coal Harbour,Vancouver,2 bd,3,Apt/Condo
676 W 26th Avenue,"$1,990,000",Cambie,Vancouver,3 bd,3,Townhouse
1 1809 E 15th Avenue,"$1,738,000",Grandview East,Vancouver,4 bd,4,Duplex
1204 983 E Hastings Street,"$724,900",Strathcona,Vancouver,1 bd,1,Apt/Condo
319 760 Kingsway Street,"$449,000",Fraser East,Vancouver,1 bd,1,Apt/Condo
1 2320 Grant Street,"$1,879,000",Grandview East,Vancouver,3 bd,4,Duplex
2 2260 E 25th Avenue,"$1,548,000",Victoria East,Vancouver,3 bd,4,Duplex
1310 819 Hamilton Street,"$839,900",Downtown West,Vancouver,2 bd,2,Apt/Condo
627 W 39th Avenue,"$9,000,000",Cambie,Vancouver,4 bd,2,House
5120 Killarney Street,"$2,699,000",Collingwood,Vancouver,7 bd,4,House
2610 89 Nelson Street,"$759,000",Yaletown,Vancouver,1 bd,1,Apt/Condo
160 1 E Cordova Street,"$429,900",Downtown East,Vancouver,0 bd,1,Apt/Condo
Ph610 1540 W 2nd Avenue,"$2,799,000",False Creek,Vancouver,2 bd,3,Apt/Condo
215 2889 E 1st Avenue,"$729,000",Renfrew,Vancouver,2 bd,2,Apt/Condo
412 2528 Maple Street,"$1,079,900",Kitsilano,Vancouver,2 bd,2,Apt/Condo
8 1019 Gilford Street,"$1,075,000",West End,Vancouver,2 bd,2,Apt/Condo
2551 Triumph Street,"$1,479,000",Hastings Sunrise,Vancouver,3 bd,4,Duplex
4004 128 W Cordova Street,"$699,000",Downtown West,Vancouver,1 bd,1,Apt/Condo
708 1688 Pullman Porter Street,"$928,000",Mount Pleasant East,Vancouver,1 bd,1,Apt/Condo
503 53 W Hastings Street,"$499,900",Downtown West,Vancouver,1 bd,1,Apt/Condo
2783 W 8th Avenue,"$1,899,000",Kitsilano,Vancouver,4 bd,3,Duplex
2768 E 25th Avenue,"$2,998,000",Renfrew Heights,Vancouver,7 bd,7,House
115 1717 W 13th Avenue,"$788,800",Fairview,Vancouver,2 bd,1,Apt/Condo
301 345 Water Street,"$679,900",Coal Harbour,Vancouver,1 bd,1,Apt/Condo
503 910 Beach Avenue,"$525,000",Yaletown,Vancouver,1 bd,1,Apt/Condo
557 Rupert Street,"$1,799,000",Renfrew,Vancouver,6 bd,2,House
4042 W 34th Avenue,"$6,388,000",Dunbar,Vancouver,5 bd,6,House
688 W 6th Avenue,"$1,015,000",Fairview,Vancouver,2 bd,2,Townhouse
7 5389 Vine Street,"$1,898,000",Kerrisdale,Vancouver,3 bd,2,Apt/Condo
102 1860 W 6th Avenue,"$1,089,900",Kitsilano,Vancouver,2 bd,2,Townhouse
1802 1351 Continental Street,"$825,000",Downtown West,Vancouver,1 bd,1,Apt/Condo
213 1869 Spyglass Place,"$1,222,000",False Creek,Vancouver,2 bd,2,Apt/Condo
302 379 E Broadway,"$659,900",Mount Pleasant East,Vancouver,1 bd,1,Apt/Condo
802 1688 Pullman Porter Street,"$699,000",Mount Pleasant East,Vancouver,1 bd,1,Apt/Condo
453 E 47th Avenue,"$1,828,000",Fraser East,Vancouver,2 bd,2,House
1 351 E 38th Avenue,"$2,188,000",Main,Vancouver,3 bd,4,Duplex
4266 W 10th Avenue,"$2,698,000",Point Grey,Vancouver,5 bd,2,House
703 1468 W 14th Avenue,"$1,188,000",Fairview,Vancouver,2 bd,2,Apt/Condo
2402 939 Homer Street,"$698,000",Yaletown,Vancouver,2 bd,1,Apt/Condo
203 1177 Hornby Street,"$638,000",Downtown West,Vancouver,1 bd,1,Apt/Condo
Ph1 979 E 19th Avenue,"$1,349,000",Fraser East,Vancouver,3 bd,2,Apt/Condo
1903 811 Helmcken Street,"$799,800",Downtown West,Vancouver,2 bd,2,Apt/Condo
1 1186 Kaslo Street,"$1,639,000",Renfrew,Vancouver,3 bd,3,Duplex
206 528 W King Edward Avenue,"$799,000",Cambie,Vancouver,1 bd,1,Apt/Condo
505 3228 Tupper Street,"$699,900",Cambie,Vancouver,1 bd,1,Apt/Condo
6810 Arlington Street,"$819,000",Killarney,Vancouver,3 bd,1,Townhouse
217 678 W 7th Avenue,"$666,000",Fairview,Vancouver,1 bd,1,Apt/Condo
309 2277 E 30th Avenue,"$439,000",Victoria East,Vancouver,1 bd,1,Apt/Condo
1362 E 60th Avenue,"$1,580,000",South Vancouver,Vancouver,5 bd,2,House
540 E 11th Avenue,"$1,198,000",Mount Pleasant East,Vancouver,2 bd,1,Townhouse
906 4815 Eldorado Mews,"$538,000",Collingwood,Vancouver,1 bd,1,Apt/Condo
1 1166 E 11th Avenue,"$1,998,800",Mount Pleasant East,Vancouver,4 bd,4,Duplex
1718 1618 Quebec Street,"$699,900",Mount Pleasant East,Vancouver,1 bd,1,Apt/Condo
3529 Napier Street,"$1,688,000",Renfrew,Vancouver,4 bd,4,House
2707 E 26th Avenue,"$1,399,000",Renfrew Heights,Vancouver,3 bd,4,Duplex
3163 E 1st Avenue,"$1,799,888",Renfrew,Vancouver,5 bd,2,House
1102 455 Beach Crescent,"$1,338,000",Yaletown,Vancouver,2 bd,2,Apt/Condo
6485 Adera Street,"$5,280,000",South Granville,Vancouver,4 bd,3,Townhouse
6789 Cambie Street,"$5,888,000",South Cambie,Vancouver,4 bd,3,House
208 788 W 8th Avenue,"$2,260,000",Fairview,Vancouver,3 bd,2,Townhouse
204 788 W 8th Avenue,"$2,440,000",Fairview,Vancouver,3 bd,2,Townhouse
205 788 W 8th Avenue,"$2,320,000",Fairview,Vancouver,3 bd,2,Townhouse
609 1288 Marinaside Crescent,"$1,198,000",Yaletown,Vancouver,2 bd,2,Apt/Condo
1723 Alberni Street 1508,"$645,000",West End,Vancouver,1 bd,1,Apt/Condo
202 788 W 8th Avenue,"$2,316,000",Fairview,Vancouver,3 bd,2,Townhouse
201 788 W 8th Avenue,"$2,296,000",Fairview,Vancouver,3 bd,2,Townhouse
105 788 W 8th Avenue,"$2,720,000",Fairview,Vancouver,3 bd,3,Apt/Condo
L02 788 W 8th Avenue,"$3,128,000",Fairview,Vancouver,3 bd,4,Townhouse
101 788 W 8th Avenue,"$1,736,000",Fairview,Vancouver,2 bd,2,Townhouse
2505 777 Richards Street,"$738,000",Downtown West,Vancouver,1 bd,1,Apt/Condo
L01 788 W 8th Avenue,"$3,184,000",Fairview,Vancouver,3 bd,4,Townhouse
319 2377 E 11th Avenue,"$679,900",Grandview East,Vancouver,1 bd,1,Apt/Condo
210 3198 Riverwalk Avenue,"$975,000",South Marine,Vancouver,2 bd,2,Apt/Condo
1573 W 66th Avenue,"$2,688,000",Southwest Marine,Vancouver,5 bd,4,House
3290 Cypress Street,"$5,498,000",Shaughnessy,Vancouver,4 bd,4,House
402 1012 Beach Avenue,"$1,999,000",Yaletown,Vancouver,2 bd,2,Apt/Condo
404 1790 Bayshore Drive,"$1,998,000",Coal Harbour,Vancouver,2 bd,2,Apt/Condo
2 3260 Graveley Street,"$1,625,000",Renfrew,Vancouver,4 bd,4,Duplex
403 2377 E 11th Avenue,"$1,199,900",Grandview East,Vancouver,2 bd,3,Townhouse
106 2377 E 11th Avenue,"$1,319,900",Grandview East,Vancouver,2 bd,3,Townhouse
309 2377 E 11th Avenue,"$1,489,900",Grandview East,Vancouver,3 bd,3,Townhouse
210 3198 Riverwalk Avenue,"$975,000",South Marine,Vancouver,2 bd,2,Apt/Condo
1188 W 55th Avenue,"$28,880,000",South Granville,Vancouver,8 bd,12,House
1020 Wolfe Avenue,"$5,990,000",Shaughnessy,Vancouver,9 bd,6,House
607 833 Seymour Street,"$699,900",Downtown West,Vancouver,1 bd,1,Apt/Condo
250 E 54th Avenue,"$1,498,000",South Vancouver,Vancouver,4 bd,4,Duplex
2061 E 41st Avenue,"$1,898,000",Victoria East,Vancouver,5 bd,3,House
1728 Cypress Street,"$1,489,500",Kitsilano,Vancouver,2 bd,2,Townhouse
2026 W 14th Avenue,"$2,698,000",Kitsilano,Vancouver,3 bd,3,Duplex
2453 W 10th Avenue,"$3,498,000",Kitsilano,Vancouver,5 bd,4,Duplex
1107 1068 Hornby Street,"$629,000",Downtown West,Vancouver,1 bd,1,Apt/Condo
24 7565 Oak Street,"$1,559,000",South Granville,Vancouver,3 bd,3,Townhouse
1290 E 48th Avenue,"$2,198,000",Knight,Vancouver,7 bd,4,House
6926 Tisdall Street,"$3,290,000",South Cambie,Vancouver,11 bd,4,House
208 633 W 16th Avenue,"$875,000",Fairview,Vancouver,2 bd,1,Apt/Condo
3812 W 15th Avenue,"$1,880,000",Point Grey,Vancouver,3 bd,3,Duplex
3814 W 15th Avenue,"$1,880,000",Point Grey,Vancouver,3 bd,3,Duplex
302 1080 Pacific Street,"$509,000",West End,Vancouver,1 bd,1,Apt/Condo
1110 W 15th Avenue,"$2,225,000",Fairview,Vancouver,3 bd,2,Duplex
1 3165 W 14th Avenue,"$3,099,000",Kitsilano,Vancouver,3 bd,4,Duplex
950 W 43rd Avenue,"$1,699,000",Oakridge,Vancouver,3 bd,4,Townhouse
4569 W 2nd Avenue,"$3,798,000",Point Grey,Vancouver,2 bd,2,House
2248 E 3rd Avenue,"$1,625,000",Grandview East,Vancouver,3 bd,3,House
1987 W 35th Avenue,"$6,888,000",Quilchena,Vancouver,6 bd,6,House
802 1565 W 6th Avenue,"$699,000",False Creek,Vancouver,1 bd,1,Apt/Condo
300 1055 Homer Street,"$1,538,000",Yaletown,Vancouver,2 bd,2,Apt/Condo
3404 1335 Howe Street,"$2,439,900",Downtown West,Vancouver,2 bd,2,Apt/Condo
268 W 1st Avenue,"$774,900",False Creek,Vancouver,1 bd,1,Apt/Condo
1501 1483 Homer Street,"$1,789,000",Yaletown,Vancouver,2 bd,2,Apt/Condo
1555 E 21st Avenue,"$1,538,000",Knight,Vancouver,3 bd,3,Duplex
1 2623 Triumph Street,"$1,638,000",Hastings Sunrise,Vancouver,3 bd,4,Duplex
2 2623 Triumph Street,"$1,698,000",Hastings Sunrise,Vancouver,3 bd,4,Duplex
1 3830 W 23rd Avenue,"$2,578,000",Dunbar,Vancouver,3 bd,4,Duplex
1801 1155 Seymour Street,"$657,000",Downtown West,Vancouver,1 bd,1,Apt/Condo
402 1188 Quebec Street,"$999,900",Downtown East,Vancouver,2 bd,2,Apt/Condo
811 1325 Rolston Street,"$578,000",Downtown West,Vancouver,1 bd,1,Apt/Condo
1638 Marpole Avenue,"$12,990,000",Shaughnessy,Vancouver,5 bd,8,House
201 2025 Stephens Street,"$545,000",Kitsilano,Vancouver,1 bd,1,Apt/Condo
1204 1188 Howe Street,"$550,000",Downtown West,Vancouver,1 bd,1,Apt/Condo
1071 Semlin Drive,"$1,699,000",Grandview East,Vancouver,3 bd,3,Townhouse
311 2520 Guelph Street,"$699,900",Mount Pleasant East,Vancouver,0 bd,1,Apt/Condo
808 8570 Rivergrass Drive,"$879,000",South Marine,Vancouver,2 bd,2,Apt/Condo
701 919 Station Street,"$629,000",Strathcona,Vancouver,1 bd,1,Apt/Condo
521 3438 Sawmill Crescent,"$600,000",South Marine,Vancouver,1 bd,1,Apt/Condo
501 209 E 7th Avenue,"$1,398,000",Mount Pleasant East,Vancouver,3 bd,2,Apt/Condo
4102 777 Richards Street,"$1,849,000",Downtown West,Vancouver,2 bd,2,Apt/Condo
1161 E 11th Avenue,"$1,999,999",Mount Pleasant East,Vancouver,4 bd,4,Duplex
2 3772 W 20th Avenue,"$2,648,000",Dunbar,Vancouver,3 bd,4,Duplex
1 3772 W 20th Avenue,"$2,598,000",Dunbar,Vancouver,3 bd,4,Duplex
6011 Macdonald Street,"$3,798,000",Kerrisdale,Vancouver,6 bd,5,House
205 3161 W 4th Avenue,"$849,900",Kitsilano,Vancouver,2 bd,2,Apt/Condo
Ph 3401 1255 Seymour Street,"$2,349,000",Downtown West,Vancouver,2 bd,3,Apt/Condo
2309 233 Robson Street,"$648,000",Downtown West,Vancouver,1 bd,1,Apt/Condo
2293 E 37th Avenue,"$1,199,900",Victoria East,Vancouver,3 bd,3,Townhouse
901 1575 Beach Avenue,"$1,449,000",West End,Vancouver,2 bd,2,Apt/Condo
2301 89 Nelson Street,"$1,499,000",Yaletown,Vancouver,2 bd,2,Apt/Condo
506 55 E Cordova Street,"$899,000",Downtown East,Vancouver,1 bd,2,Apt/Condo
1389 E 39th Avenue,"$1,680,000",Knight,Vancouver,2 bd,2,House
17 1350 W 6th Avenue,"$749,000",Fairview,Vancouver,1 bd,1,Townhouse
209 2102 W 48th Avenue,"$3,199,000",Kerrisdale,Vancouver,4 bd,3,Apt/Condo
512 2220 Kingsway Street,"$879,000",Victoria East,Vancouver,2 bd,2,Apt/Condo
206 688 E 19th Avenue,"$829,800",Fraser East,Vancouver,2 bd,2,Apt/Condo
410 215 E 33rd Avenue,"$1,145,500",Main,Vancouver,2 bd,2,Apt/Condo
2 3320 E 44th Avenue,"$1,588,000",Killarney,Vancouver,5 bd,5,Duplex
301 1502 Island Park Walk,"$1,249,000",False Creek,Vancouver,2 bd,2,Apt/Condo
105 2272 Dundas Street,"$639,900",Hastings,Vancouver,2 bd,1,Apt/Condo
4557 Reid Street,"$2,599,888",Collingwood,Vancouver,7 bd,7,House
402 1188 Richards Street,"$499,900",Yaletown,Vancouver,1 bd,1,Apt/Condo
2216 E 38th Avenue,"$1,759,000",Victoria East,Vancouver,5 bd,4,Duplex
3224 Marmion Avenue,"$1,625,000",Killarney,Vancouver,4 bd,3,Duplex
313 2250 E 1st Avenue,"$985,900",Grandview East,Vancouver,2 bd,2,Apt/Condo
153 2230 E 1st Avenue,"$1,526,900",Grandview East,Vancouver,3 bd,3,Townhouse
920 3557 Sawmill Crescent,"$918,000",South Marine,Vancouver,2 bd,2,Apt/Condo
2727 W 7th Avenue,"$2,690,000",Kitsilano,Vancouver,3 bd,3,Duplex
1219 1768 Cook Street,"$618,000",False Creek,Vancouver,1 bd,1,Apt/Condo
2721 W 7th Avenue,"$2,425,000",Kitsilano,Vancouver,3 bd,3,Duplex
706 1725 Pendrell Street,"$739,000",West End,Vancouver,1 bd,1,Apt/Condo
1 1322 13th Avenue,"$1,929,999",Grandview East,Vancouver,4 bd,4,Duplex
1102 455 Beach Crescent,"$1,338,000",Yaletown,Vancouver,2 bd,2,Apt/Condo
2335 W 8th Avenue,"$4,500,000",Kitsilano,Vancouver,12 bd,5,House
2325 W 8th Avenue,"$3,990,000",Kitsilano,Vancouver,4 bd,2,House
412 2528 Maple Street,"$1,079,900",Kitsilano,Vancouver,2 bd,2,Apt/Condo
2325/35 W 8th Avenue,"$8,500,000",Kitsilano,Vancouver,16 bd,8,House
3702 833 Seymour Street,"$1,699,999",Downtown West,Vancouver,2 bd,2,Apt/Condo
1 2403 W 37th Avenue,"$2,875,000",Quilchena,Vancouver,3 bd,4,Duplex
201 1318 W 6th Avenue,"$888,000",Fairview,Vancouver,2 bd,2,Apt/Condo
409 289 Alexander Street,"$825,000",Strathcona,Vancouver,1 bd,2,Apt/Condo
411 2366 Wall Street,"$545,000",Hastings,Vancouver,1 bd,1,Apt/Condo
4444 W 2nd Avenue,"$3,998,000",Point Grey,Vancouver,5 bd,4,House
1161 Keefer Street,"$2,399,000",Strathcona,Vancouver,5 bd,5,Duplex
1504 1568 Alberni Street,"$2,388,000",West End,Vancouver,2 bd,2,Apt/Condo
105 205 E 10th Avenue,"$625,000",Mount Pleasant East,Vancouver,0 bd,1,Apt/Condo
1 39 W 22nd Avenue,"$2,489,000",Cambie,Vancouver,3 bd,4,Duplex
2 39 W 22nd Avenue,"$2,489,000",Cambie,Vancouver,3 bd,4,Duplex
1801 183 Keefer Place,"$799,000",Downtown West,Vancouver,2 bd,1,Apt/Condo
5203 1480 Howe Street,"$5,988,000",Yaletown,Vancouver,3 bd,3,Apt/Condo
2611 610 Granville Street,"$899,000",Downtown West,Vancouver,2 bd,2,Apt/Condo
1688 W 61st Avenue,"$4,150,000",South Granville,Vancouver,6 bd,6,House
402 4988 Cambie Street,"$799,900",Cambie,Vancouver,1 bd,1,Apt/Condo
6908 Dawson Street,"$2,849,000",Killarney,Vancouver,7 bd,4,House
607 5168 Cambie Street,"$1,149,900",Cambie,Vancouver,1 bd,1,Apt/Condo
1506 1188 Howe Street,"$585,000",Downtown West,Vancouver,1 bd,1,Apt/Condo
105 205 E 10th Avenue,"$625,000",Mount Pleasant East,Vancouver,0 bd,1,Apt/Condo
5306 Culloden Street,"$1,425,000",Knight,Vancouver,2 bd,1,House
2 1322 13th Avenue,"$1,949,999",Grandview East,Vancouver,4 bd,4,Duplex
1907 4815 Eldorado Mews,"$699,000",Collingwood,Vancouver,2 bd,1,Apt/Condo
2033 E 35th Avenue,"$1,628,000",Victoria East,Vancouver,4 bd,4,Duplex
2035 E 35th Avenue,"$1,699,000",Victoria East,Vancouver,4 bd,4,Duplex
103 788 W 8th Avenue,"$1,448,000",Fairview,Vancouver,2 bd,1,Apt/Condo
203 788 W 8th Avenue,"$2,264,000",Fairview,Vancouver,3 bd,2,Apt/Condo
206 788 W 8th Avenue,"$2,292,000",Fairview,Vancouver,3 bd,2,Apt/Condo
102 788 W 8th Avenue,"$1,736,000",Fairview,Vancouver,2 bd,2,Apt/Condo
106 788 W 8th Avenue,"$1,320,000",Fairview,Vancouver,1 bd,1,Apt/Condo
104 788 W 8th Avenue,"$1,228,000",Fairview,Vancouver,1 bd,1,Apt/Condo
L03 788 W 8th Avenue,"$2,460,000",Fairview,Vancouver,2 bd,2,Apt/Condo
207 788 W 8th Avenue,"$2,284,000",Fairview,Vancouver,3 bd,2,Apt/Condo
902 1325 Rolston Street,"$799,000",Downtown West,Vancouver,2 bd,1,Apt/Condo
807 518 Moberly Road,"$1,599,000",False Creek,Vancouver,2 bd,2,Apt/Condo
125 W 41st Avenue,"$1,650,000",Cambie,Vancouver,3 bd,3,Townhouse
2407 1155 Seymour Street,"$545,000",Downtown West,Vancouver,0 bd,1,Apt/Condo
1344 Laburnum Street,"$1,960,000",Kitsilano,Vancouver,3 bd,2,Townhouse
1346 Laburnum Street,"$2,188,000",Kitsilano,Vancouver,2 bd,2,Townhouse
1701 1499 W Pender Street,"$2,230,000",Coal Harbour,Vancouver,2 bd,2,Apt/Condo
2959 W 16 Avenue,"$3,998,000",Kitsilano,Vancouver,5 bd,5,House
923-925 E Broadway,"$3,788,000",Mount Pleasant East,Vancouver,14 bd,6,House
3625 Monmouth Avenue,"$1,698,000",Collingwood,Vancouver,4 bd,2,House
3402 1335 Howe Street,"$1,769,900",Downtown West,Vancouver,2 bd,2,Apt/Condo
3868 W 23rd Avenue,"$3,988,000",Dunbar,Vancouver,6 bd,3,House
2905 Rosemont Drive,"$2,188,000",Fraserview East,Vancouver,5 bd,4,Duplex
2069 E 1st Avenue,"$1,489,000",Grandview East,Vancouver,3 bd,3,Townhouse
371 E 16th Avenue,"$1,575,000",Mount Pleasant East,Vancouver,3 bd,3,Duplex
1426 W 48th Avenue,"$5,699,000",South Granville,Vancouver,6 bd,6,House
1109 8189 Cambie Street,"$627,800",Marpole,Vancouver,1 bd,1,Apt/Condo
3108 W 31st Avenue,"$6,375,000",Mackenzie Heights,Vancouver,6 bd,6,House
Ph2 668 W 16th Avenue,"$1,258,800",Cambie,Vancouver,2 bd,2,Apt/Condo
5352 Lanark Street,"$1,629,000",Knight,Vancouver,3 bd,4,Duplex
1104 489 Interurban Way,"$539,900",Marpole,Vancouver,1 bd,1,Apt/Condo
407 5399 Joyce Street,"$799,000",Collingwood,Vancouver,2 bd,2,Apt/Condo
6261 Adera Street,"$5,880,000",South Granville,Vancouver,6 bd,5,House
4190 W 11th Avenue,"$3,088,000",Point Grey,Vancouver,4 bd,3,House
502 1188 W Pender Street,"$749,000",Coal Harbour,Vancouver,1 bd,1,Apt/Condo
21 7565 Oak Street,"$1,546,000",South Granville,Vancouver,3 bd,3,Townhouse
18 E 1st Avenue,"$1,588,000",Mount Pleasant East,Vancouver,3 bd,3,Townhouse
204 1205 W 14th Avenue,"$819,900",Fairview,Vancouver,2 bd,2,Townhouse
1837 Matthews Avenue,"$6,298,000",Shaughnessy,Vancouver,6 bd,5,House
4390 Kaslo Street,"$3,651,763",Renfrew Heights,Vancouver,0 bd,1,House
2 1328 E 35th Avenue,"$1,698,000",Knight,Vancouver,3 bd,4,Duplex
1 2260 E 25th Avenue,"$1,499,000",Victoria East,Vancouver,3 bd,4,Duplex
210 5989 Iona Drive,"$1,550,000",University (Ubc),Vancouver,2 bd,2,Apt/Condo
2309 1009 Expo Boulevard,"$629,000",Yaletown,Vancouver,1 bd,1,Apt/Condo
2 6273 Windsor Street,"$1,628,800",Fraser East,Vancouver,3 bd,3,Duplex
485 W 35th Avenue,"$7,380,000",Cambie,Vancouver,0 bd,,Land/Lot
5584 Mackenzie Street,"$2,698,000",Kerrisdale,Vancouver,5 bd,3,House
202 2973 Kingsway,"$650,000",Collingwood,Vancouver,2 bd,2,Apt/Condo
1 6273 Windsor Street,"$1,588,800",Fraser East,Vancouver,3 bd,3,Duplex
2262 Newport Avenue,"$1,599,000",Fraserview East,Vancouver,4 bd,4,Duplex
1 1328 E 35th Avenue,"$1,648,000",Knight,Vancouver,3 bd,4,Duplex
4517 W 4th Avenue,"$6,999,000",Point Grey,Vancouver,4 bd,4,House
103 1266 W 13th Avenue,"$679,000",Fairview,Vancouver,1 bd,1,Apt/Condo
5630 Lincoln Street,"$1,649,000",Collingwood,Vancouver,5 bd,2,House
Ph 2805 1323 Homer Street,"$2,988,888",Yaletown,Vancouver,2 bd,2,Apt/Condo
36 4900 Cartier Street,"$2,350,000",Shaughnessy,Vancouver,2 bd,3,Townhouse
1112 E 21st Avenue,"$1,899,900",Knight,Vancouver,3 bd,2,House
1150 E 41st Avenue,"$1,938,000",Knight,Vancouver,6 bd,4,House
1202 1788 Ontario Street,"$2,798,000",False Creek,Vancouver,2 bd,2,Apt/Condo
1 526 E 30th Avenue,"$2,890,000",Fraser East,Vancouver,4 bd,4,Duplex
213 1330 Burrard Street,"$465,000",West End,Vancouver,0 bd,1,Apt/Condo
903 1678 Pullman Porter Street,"$2,349,000",Mount Pleasant East,Vancouver,2 bd,2,Apt/Condo
407 590 Nicola Street,"$1,749,000",Coal Harbour,Vancouver,2 bd,2,Apt/Condo
1010 38 W 1st Avenue,"$1,090,000",False Creek,Vancouver,2 bd,2,Apt/Condo
308 1478 W Hastings Street,"$668,000",Coal Harbour,Vancouver,1 bd,1,Apt/Condo
806 928 Beatty Street,"$529,000",Yaletown,Vancouver,0 bd,1,Apt/Condo
131 W 41st Avenue,"$1,549,000",Cambie,Vancouver,2 bd,2,Townhouse
2 128 W Woodstock Avenue,"$2,090,000",Cambie,Vancouver,3 bd,2,Townhouse
1809 1283 Howe Street,"$650,000",Downtown West,Vancouver,1 bd,1,Apt/Condo
604 555 Jervis Street,"$738,000",Coal Harbour,Vancouver,1 bd,1,Apt/Condo
2301 501 Pacific Street,"$590,000",Downtown West,Vancouver,0 bd,1,Apt/Condo
1802 1200 W Georgia Street,"$725,000",West End,Vancouver,1 bd,1,Apt/Condo
204 2001 Wall Street,"$899,000",Hastings,Vancouver,1 bd,1,Apt/Condo
288 E 59th Avenue,"$3,288,000",South Vancouver,Vancouver,8 bd,8,House
2 351 E 38th Avenue,"$2,299,000",Main,Vancouver,3 bd,4,Duplex
303 4101 Yew Street,"$1,468,800",Quilchena,Vancouver,2 bd,3,Apt/Condo
204 2275 W 40th Avenue,"$949,000",Kerrisdale,Vancouver,2 bd,2,Apt/Condo
1806 1128 Quebec Street,"$1,748,888",Downtown East,Vancouver,3 bd,2,Apt/Condo
502 63 Keefer Place,"$970,000",Downtown West,Vancouver,3 bd,2,Apt/Condo
328 Wethersfield Drive,"$1,939,000",South Cambie,Vancouver,3 bd,2,Townhouse
103 835 W 7th Avenue,"$979,000",Fairview,Vancouver,2 bd,2,Townhouse
3653 Eton Street,"$1,548,000",Hastings Sunrise,Vancouver,3 bd,4,Duplex
901 1650 W 7th Avenue,"$819,000",Fairview,Vancouver,1 bd,1,Apt/Condo
806 298 E 11 Avenue,"$969,000",Mount Pleasant East,Vancouver,2 bd,2,Apt/Condo
584 87 Nelson Street,"$1,100,000",Yaletown,Vancouver,2 bd,2,Apt/Condo
302 2080 Maple Street,"$549,000",Kitsilano,Vancouver,1 bd,1,Apt/Condo
36 E 37th Avenue,"$2,090,000",Main,Vancouver,4 bd,3,Duplex
2301 667 Howe Street,"$2,690,000",Downtown West,Vancouver,3 bd,3,Apt/Condo
406 5399 Joyce Street,"$799,000",Collingwood,Vancouver,2 bd,2,Apt/Condo
102 1311 Beach Avenue,"$1,475,000",West End,Vancouver,1 bd,2,Apt/Condo
51 E 27th Avenue,"$2,498,000",Main,Vancouver,3 bd,4,House
213 1424 Walnut Street,"$979,800",Kitsilano,Vancouver,2 bd,1,Apt/Condo
1675 Larch Street,"$2,128,000",Kitsilano,Vancouver,2 bd,2,House
142 E 27th Avenue,"$2,689,000",Main,Vancouver,5 bd,3,House
2025 SW Marine Drive,"$5,600,000",Southwest Marine,Vancouver,4 bd,5,House
614 933 Seymour Street,"$699,000",Downtown West,Vancouver,1 bd,1,Apt/Condo
412 2388 Western Parkway,"$1,099,000",University (Ubc),Vancouver,2 bd,2,Apt/Condo
1810 E 55th Avenue,"$1,888,000",Fraserview East,Vancouver,5 bd,4,Duplex
1824 W 12th Avenue,"$849,900",Kitsilano,Vancouver,1 bd,2,Townhouse
412 2528 Maple Street,"$1,079,900",Kitsilano,Vancouver,2 bd,2,Apt/Condo
1608 788 Hamilton Street,"$829,000",Downtown West,Vancouver,1 bd,1,Apt/Condo
504 3438 Sawmill Crescent,"$1,499,900",South Marine,Vancouver,3 bd,3,Apt/Condo
108 788 W 8th Avenue,"$1,272,000",Fairview,Vancouver,1 bd,1,Apt/Condo
109 1855 Stainsbury Avenue,"$1,199,000",Victoria East,Vancouver,3 bd,2,Townhouse
1362 E 17th Avenue,"$1,769,000",Knight,Vancouver,3 bd,4,Duplex
906 833 Seymour Street,"$674,800",Downtown West,Vancouver,1 bd,1,Apt/Condo
2371 E 30th Avenue,"$2,299,000",Collingwood,Vancouver,5 bd,3,House
2959 W 16 Avenue,"$3,998,000",Kitsilano,Vancouver,5 bd,5,House
312 5077 Cambie Street,"$1,688,000",Cambie,Vancouver,3 bd,2,Apt/Condo
2377 E 30th Avenue,"$2,299,000",Collingwood,Vancouver,9 bd,3,House
411 5733 Alberta Street,"$1,249,000",Oakridge,Vancouver,2 bd,2,Apt/Condo
Ph7 1082 Seymour Street,"$598,000",Downtown West,Vancouver,1 bd,1,Apt/Condo
301 2288 Laurel Street,"$849,000",Fairview,Vancouver,2 bd,1,Apt/Condo
5755 Angus Drive,"$11,880,000",South Granville,Vancouver,7 bd,8,House
109 1855 Nelson Street,"$665,000",West End,Vancouver,1 bd,1,Apt/Condo
1107 1199 Marinaside Crescent,"$899,000",Yaletown,Vancouver,1 bd,1,Apt/Condo
3227 E 29th Avenue,"$1,499,000",Renfrew Heights,Vancouver,3 bd,3,Duplex
730 Hawks Avenue,"$1,299,000",Strathcona,Vancouver,3 bd,3,Townhouse
2995 E 17th Avenue,"$1,990,000",Renfrew Heights,Vancouver,6 bd,4,Duplex
3225 E 29th Avenue,"$1,499,000",Renfrew Heights,Vancouver,3 bd,3,Duplex
3 SE Marine Drive,"$3,800,000",South Vancouver,Vancouver,5 bd,3,House
2510 1111 Richards Street,"$1,675,000",Downtown West,Vancouver,3 bd,3,Apt/Condo
1 3830 W 23rd Avenue,"$2,578,000",Dunbar,Vancouver,3 bd,4,Duplex
216 2545 W Broadway,"$999,000",Kitsilano,Vancouver,2 bd,2,Townhouse
7137 Camano Street,"$1,150,000",Champlain Heights,Vancouver,3 bd,3,Townhouse
123 1010 W 47th Avenue,"$769,900",South Granville,Vancouver,1 bd,1,Townhouse
141 1014 W 47th Avenue,"$1,839,900",South Granville,Vancouver,3 bd,3,Townhouse
360 E 24th Avenue,"$2,098,000",Main,Vancouver,1 bd,1,House
802 123 W 1st Avenue,"$1,395,000",False Creek,Vancouver,2 bd,2,Apt/Condo
1405 5410 Shortcut Road,"$1,190,000",University (Ubc),Vancouver,2 bd,2,Apt/Condo
2770 W 5th Avenue,"$3,998,000",Kitsilano,Vancouver,7 bd,3,Multifamily
402 1568 Alberni Street,"$998,000",West End,Vancouver,1 bd,1,Apt/Condo
2636 Ward Street,"$1,075,000",Collingwood,Vancouver,2 bd,2,Multifamily
2634 Ward Street,"$1,165,000",Collingwood,Vancouver,3 bd,3,Multifamily
2632 Ward Street,"$1,260,000",Collingwood,Vancouver,3 bd,3,Multifamily
3111 1289 Hornby Street,"$1,580,000",Downtown West,Vancouver,2 bd,2,Apt/Condo
2302 1325 Rolston Street,"$888,000",Downtown West,Vancouver,2 bd,2,Apt/Condo
407 370 Carrall Street,"$529,800",Downtown East,Vancouver,1 bd,1,Apt/Condo
1837 Matthews Avenue,"$6,298,000",Shaughnessy,Vancouver,6 bd,7,House
2068 E 49th Avenue,"$2,688,000",Killarney,Vancouver,8 bd,6,House
1102 909 Mainland Street,"$731,000",Yaletown,Vancouver,1 bd,1,Apt/Condo
3002 33 Smithe Street,"$1,550,000",Yaletown,Vancouver,2 bd,2,Apt/Condo
805 5728 Berton Avenue,"$1,198,000",University (Ubc),Vancouver,2 bd,2,Apt/Condo
1837 Matthews Avenue,"$6,298,000",Shaughnessy,Vancouver,6 bd,7,House
1804 1239 W Georgia Street,"$948,000",Coal Harbour,Vancouver,2 bd,2,Apt/Condo
101 5189 Gaston Street,"$699,900",Collingwood,Vancouver,2 bd,2,Apt/Condo
200 2033 W 7th Avenue,"$599,000",Kitsilano,Vancouver,1 bd,1,Apt/Condo
973 Mainland Street,"$2,198,000",Yaletown,Vancouver,3 bd,3,Townhouse
1233 933 Hornby Street,"$679,000",Downtown West,Vancouver,1 bd,1,Apt/Condo
1508 W 61st Avenue,"$1,250,000",South Granville,Vancouver,3 bd,3,Townhouse
1516 W 61st Avenue,"$1,250,000",South Granville,Vancouver,3 bd,3,Townhouse
6210 Larch Street,"$4,199,000",Kerrisdale,Vancouver,6 bd,7,House
46 W King Edward Avenue,"$1,699,900",Cambie,Vancouver,3 bd,3,Townhouse
33 1425 Lamey's Mill Road,"$599,900",False Creek,Vancouver,1 bd,1,Apt/Condo
704 1000 Beach Avenue,"$1,498,000",Yaletown,Vancouver,2 bd,2,Apt/Condo
4907 Walden Street,"$1,899,000",Main,Vancouver,3 bd,2,House
201 874 W 6th Avenue,"$950,000",Fairview,Vancouver,2 bd,2,Apt/Condo
1128 E Pender Street,"$1,175,000",Strathcona,Vancouver,2 bd,2,Duplex
205 1330 Hornby Street,"$599,999",Downtown West,Vancouver,1 bd,1,Apt/Condo
104 1933 W 5th Avenue,"$699,000",Kitsilano,Vancouver,1 bd,1,Apt/Condo
2501 7433 Cambie Street,"$768,900",South Cambie,Vancouver,1 bd,1,Apt/Condo
18 6788 Oak Street,"$1,979,000",South Cambie,Vancouver,3 bd,3,Townhouse
1371 E 63rd Avenue,"$1,888,000",South Vancouver,Vancouver,5 bd,4,Duplex
1101 433 SW Marine Drive,"$890,000",Marpole,Vancouver,2 bd,2,Apt/Condo
1136 E 26th Avenue,"$1,548,000",Knight,Vancouver,2 bd,3,Duplex
108 7520 Columbia Street,"$818,000",Marpole,Vancouver,2 bd,2,Apt/Condo
2 2444 Napier Street,"$1,649,000",Renfrew,Vancouver,3 bd,3,Duplex
455 1483 E King Edward Avenue,"$618,000",Knight,Vancouver,1 bd,1,Apt/Condo
305 222 E 30th Avenue,"$699,000",Main,Vancouver,1 bd,1,Apt/Condo
3504 1288 West Georgia,"$1,699,000",West End,Vancouver,2 bd,2,Apt/Condo
420 3563 Ross Drive,"$1,120,000",University (Ubc),Vancouver,2 bd,2,Apt/Condo
3529 W 34th Avenue,"$4,950,000",Dunbar,Vancouver,5 bd,5,House
3707 Hudson Street,"$7,980,000",Shaughnessy,Vancouver,5 bd,4,House
202 8680 Fremlin Street,"$455,000",Marpole,Vancouver,1 bd,1,Apt/Condo
502 1616 W 13th Avenue,"$888,800",Fairview,Vancouver,2 bd,2,Apt/Condo
1000 499 Pacific Street,"$7,498,000",Yaletown,Vancouver,3 bd,5,Apt/Condo
5470 Clarendon Street,"$1,788,800",Collingwood,Vancouver,5 bd,4,Duplex
3902 1033 Marinaside Crescent,"$2,375,000",Yaletown,Vancouver,2 bd,2,Apt/Condo
1332 W 47th Avenue,"$5,990,000",South Granville,Vancouver,5 bd,7,House
604 1315 Cardero Street,"$1,198,000",West End,Vancouver,1 bd,2,Apt/Condo
2001 198 Aquarius Mews,"$839,000",Yaletown,Vancouver,1 bd,1,Apt/Condo
108 8622 Selkirk Street,"$429,000",Marpole,Vancouver,1 bd,1,Apt/Condo
301 4375 W 10th Avenue,"$799,000",Point Grey,Vancouver,1 bd,1,Apt/Condo
1603 939 Expo Boulevard,"$650,000",Yaletown,Vancouver,1 bd,1,Apt/Condo
2 3260 Graveley Street,"$1,625,000",Renfrew,Vancouver,4 bd,4,Duplex
563 W 26th Avenue,"$2,133,900",Cambie,Vancouver,3 bd,3,Townhouse
3003 8131 Nunavut Lane,"$598,800",Marpole,Vancouver,1 bd,1,Apt/Condo
908 189 Keefer Street,"$869,900",Downtown East,Vancouver,2 bd,2,Apt/Condo
102 1450 E 7 Avenue,"$699,900",Grandview East,Vancouver,2 bd,1,Apt/Condo
2353 Kingsway,"$2,999,999",Collingwood,Vancouver,4 bd,2,House
2375 Kingsway,"$2,999,999",Collingwood,Vancouver,6 bd,4,House
2335 Kingsway,"$2,999,999",Collingwood,Vancouver,4 bd,2,House
2361 Kingsway,"$2,999,999",Collingwood,Vancouver,6 bd,4,House
104 2333 Eton Street,"$734,900",Hastings,Vancouver,2 bd,1,Apt/Condo
3601 1438 Richards Street,"$3,888,000",Yaletown,Vancouver,3 bd,3,Apt/Condo
210 2408 Grant Street,"$599,000",Renfrew,Vancouver,1 bd,1,Apt/Condo
3303 Venables Street,"$2,098,000",Renfrew,Vancouver,5 bd,3,House
202 983 E Hastings Street,"$669,000",Strathcona,Vancouver,2 bd,1,Apt/Condo
2304 183 Keefer Place,"$1,295,000",Downtown West,Vancouver,3 bd,2,Apt/Condo
756 W 26th Avenue,"$1,698,000",Cambie,Vancouver,2 bd,4,Townhouse
2 2138 W 48th Avenue,"$2,498,000",Kerrisdale,Vancouver,3 bd,2,Duplex
409 210 E 5th Avenue,"$1,399,000",Mount Pleasant East,Vancouver,2 bd,2,Apt/Condo
301 1771 Nelson Street,"$824,900",West End,Vancouver,2 bd,2,Apt/Condo
202 1771 Nelson Street,"$834,900",West End,Vancouver,2 bd,2,Apt/Condo
501 1255 Main Street,"$1,098,000",Downtown East,Vancouver,2 bd,2,Apt/Condo
2 1019 E 39th Avenue,"$1,739,000",Fraser East,Vancouver,3 bd,2,Duplex
563 W 26th Avenue,"$2,133,900",Cambie,Vancouver,3 bd,3,Townhouse
Ph2 950 Bidwell Street,"$1,249,000",West End,Vancouver,2 bd,2,Apt/Condo
87 E Cordova Street,"$1,188,000",Downtown East,Vancouver,1 bd,1,Apt/Condo
2801 535 Smithe Street,"$1,249,888",Downtown West,Vancouver,2 bd,1,Apt/Condo
3315 Knight Street,"$1,298,000",Knight,Vancouver,3 bd,2,House
203 3368 Main Street,"$1,049,000",Main,Vancouver,3 bd,2,Townhouse
411 298 E 11th Avenue,"$709,000",Mount Pleasant East,Vancouver,1 bd,1,Apt/Condo
305 188 E 32nd Avenue,"$739,000",Main,Vancouver,1 bd,1,Apt/Condo
460 E 5th Avenue,"$1,499,000",Mount Pleasant East,Vancouver,3 bd,3,Townhouse
1501 845 Chilco Street,"$3,850,000",West End,Vancouver,4 bd,3,Apt/Condo
803 983 E Hastings Street,"$599,900",Strathcona,Vancouver,1 bd,1,Apt/Condo
4178 Slocan Street,"$1,398,000",Renfrew Heights,Vancouver,3 bd,4,Duplex
636 E 51st Avenue,"$2,698,000",South Vancouver,Vancouver,8 bd,4,House
1 351 E 38th Avenue,"$2,188,000",Main,Vancouver,3 bd,4,Duplex
104 5089 Quebec Street,"$1,399,800",Main,Vancouver,3 bd,2,Apt/Condo
1504 1775 Quebec Street,"$699,000",Mount Pleasant East,Vancouver,1 bd,1,Apt/Condo
311 1975 Pendrell Street,"$679,000",West End,Vancouver,1 bd,1,Apt/Condo
1206 E 22nd Avenue,"$1,499,000",Knight,Vancouver,5 bd,4,Multifamily
404 E 46th Avenue,"$1,598,800",Fraser East,Vancouver,3 bd,1,House
604 55 Alexander Street,"$569,000",Downtown East,Vancouver,1 bd,1,Apt/Condo
2689 Brightwood Place,"$2,650,000",Fraserview East,Vancouver,3 bd,2,House
920 W 49th Avenue,"$1,699,900",South Cambie,Vancouver,3 bd,3,Townhouse
408 3451 Sawmill Crescent,"$768,800",South Marine,Vancouver,2 bd,2,Apt/Condo
405 288 E 8th Avenue,"$879,000",Mount Pleasant East,Vancouver,2 bd,1,Apt/Condo
101 830 E 7th Avenue,"$499,900",Mount Pleasant East,Vancouver,1 bd,1,Apt/Condo
602 5629 Birney Avenue,"$869,000",University (Ubc),Vancouver,1 bd,1,Apt/Condo
303 2450 Cornwall Avenue,"$619,000",Kitsilano,Vancouver,1 bd,1,Apt/Condo
309 285 E 10th Avenue,"$649,800",Mount Pleasant East,Vancouver,1 bd,1,Apt/Condo
201 1147 Nelson Street,"$899,800",West End,Vancouver,2 bd,2,Apt/Condo
3007 W 32nd Avenue,"$3,738,000",Mackenzie Heights,Vancouver,5 bd,5,House
1479 E King Edward Avenue,"$1,199,000",Knight,Vancouver,2 bd,3,Townhouse
101 710 E 6th Avenue,"$649,000",Mount Pleasant East,Vancouver,1 bd,1,Apt/Condo
2901 1483 Homer Street,"$1,699,000",Yaletown,Vancouver,2 bd,2,Apt/Condo
2043 W 45th Avenue,"$2,088,000",Kerrisdale,Vancouver,3 bd,2,House
1107 822 Homer Street,"$825,000",Downtown West,Vancouver,2 bd,2,Apt/Condo
3256 E Georgia Street,"$1,425,000",Renfrew,Vancouver,2 bd,2,House
3205 Carolina Street,"$1,699,000",Fraser East,Vancouver,3 bd,3,Duplex
1 1456 W 45th Avenue,"$2,195,000",South Granville,Vancouver,4 bd,4,Townhouse
2703 667 Howe Street,"$999,990",Downtown West,Vancouver,1 bd,1,Apt/Condo
801 1236 Bidwell Street,"$2,475,000",West End,Vancouver,2 bd,2,Apt/Condo
B 3538 W 14th Avenue,"$2,498,000",Kitsilano,Vancouver,3 bd,4,Duplex
1136 E 26th Avenue,"$1,548,000",Knight,Vancouver,2 bd,3,Duplex
205 3161 W 4th Avenue,"$849,900",Kitsilano,Vancouver,2 bd,2,Apt/Condo
1309 3430 E Kent Avenue South,"$998,000",South Marine,Vancouver,2 bd,2,Apt/Condo
631 Victoria Drive,"$1,499,999",Hastings,Vancouver,3 bd,3,Townhouse
1906 888 Hamilton Street,"$1,199,000",Downtown West,Vancouver,2 bd,2,Apt/Condo
1116 610 Granville Street,"$668,500",Downtown West,Vancouver,1 bd,1,Apt/Condo
2038 E 1st Avenue,"$1,699,000",Grandview East,Vancouver,4 bd,4,Duplex
3728 Heather Street,"$3,728,000",Cambie,Vancouver,6 bd,4,House
4951 Rupert Street,"$3,499,900",Collingwood,Vancouver,5 bd,2,House
4939 Rupert Street,"$1,995,900",Collingwood,Vancouver,4 bd,2,House
198 E 44th Avenue,"$1,250,000",Main,Vancouver,3 bd,3,Duplex
205 5683 Hampton Place,"$699,999",University (Ubc),Vancouver,1 bd,1,Apt/Condo
2171 Maple Street,"$3,098,000",Kitsilano,Vancouver,5 bd,4,Townhouse
310 5681 Birney Avenue,"$898,000",University (Ubc),Vancouver,1 bd,1,Apt/Condo
103 2256 W 7th Avenue,"$729,000",Kitsilano,Vancouver,1 bd,1,Apt/Condo
4509 1289 Hornby Street,"$1,089,000",Downtown West,Vancouver,1 bd,1,Apt/Condo
7789 Birch Street,"$3,299,800",Marpole,Vancouver,7 bd,7,House
3186 Grant Street,"$1,828,000",Renfrew,Vancouver,4 bd,4,Duplex
505 833 Homer Street,"$1,498,000",Downtown West,Vancouver,2 bd,2,Apt/Condo
2798 Yale Street,"$3,450,000",Hastings Sunrise,Vancouver,6 bd,4,House
2528 Napier Street,"$1,749,000",Renfrew,Vancouver,5 bd,2,House
303 3220 W 4th Avenue,"$1,099,000",Kitsilano,Vancouver,2 bd,2,Apt/Condo
204 2275 W 40th Avenue,"$949,000",Kerrisdale,Vancouver,2 bd,2,Apt/Condo
809 1333 W Georgia Street,"$989,900",Coal Harbour,Vancouver,2 bd,2,Apt/Condo
204 975 E Broadway,"$499,000",Mount Pleasant East,Vancouver,1 bd,1,Apt/Condo
206 5788 Vine Street,"$718,000",Kerrisdale,Vancouver,2 bd,1,Apt/Condo
304 7428 Alberta Street,"$1,498,000",South Cambie,Vancouver,2 bd,2,Apt/Condo
702 1534 Harwood Street,"$327,000",West End,Vancouver,1 bd,1,Apt/Condo
103 7638 Cambie Street,"$1,249,000",Marpole,Vancouver,3 bd,2,Apt/Condo
2502 8131 Nunavut Lane,"$868,000",Marpole,Vancouver,2 bd,2,Apt/Condo
207 1210 W 8th Avenue,"$638,000",Fairview,Vancouver,1 bd,1,Apt/Condo
1718 W 61st Avenue,"$5,998,000",South Granville,Vancouver,6 bd,7,House
14 Sennok Crescent,"$1,499,000",University (Ubc),Vancouver,4 bd,4,House
612 7228 Adera Street,"$1,268,000",South Granville,Vancouver,2 bd,2,Apt/Condo
3405 1283 Howe Street,"$689,000",Downtown West,Vancouver,1 bd,1,Apt/Condo
2355 E 54th Avenue,"$3,499,000",Killarney,Vancouver,8 bd,6,House
2109 1111 Alberni Street,"$1,949,000",West End,Vancouver,2 bd,2,Apt/Condo
411 2020 SE Kent Avenue,"$925,000",South Marine,Vancouver,2 bd,2,Apt/Condo
2688 West Mall Road 1003,"$1,188,000",Hastings Sunrise,Vancouver,2 bd,2,Apt/Condo
1735 W 16 Avenue,"$2,388,000",Fairview,Vancouver,2 bd,3,Duplex
156 W 62nd Avenue,"$1,999,999",Marpole,Vancouver,5 bd,3,House
2850 Mackenzie Street,"$2,298,000",Kitsilano,Vancouver,3 bd,4,Duplex
1 1826 E 2nd Avenue,"$1,849,999",Grandview East,Vancouver,4 bd,4,Duplex
1701 1708 Ontario Street,"$1,788,000",False Creek,Vancouver,2 bd,2,Apt/Condo
403 2055 Yukon Street,"$629,000",False Creek,Vancouver,1 bd,1,Apt/Condo
504 36 Water Street,"$889,900",Downtown West,Vancouver,1 bd,1,Apt/Condo
2002 928 Richards Street,"$549,000",Yaletown,Vancouver,1 bd,1,Apt/Condo
225 5555 Victoria Drive,"$699,000",Victoria East,Vancouver,2 bd,2,Apt/Condo
105 2250 SE Marine Drive,"$685,500",South Marine,Vancouver,3 bd,2,Apt/Condo
319 3438 Sawmill Crescent,"$599,800",South Marine,Vancouver,1 bd,1,Apt/Condo
408 480 16th Avenue,"$963,900",Fraser East,Vancouver,1 bd,1,Apt/Condo
950 W 17th Avenue,"$2,898,000",Cambie,Vancouver,0 bd,,Land/Lot
2903 583 Beach Crescent,"$2,098,000",Yaletown,Vancouver,2 bd,2,Apt/Condo
1101 1777 Bayshore Drive,"$2,899,900",Coal Harbour,Vancouver,3 bd,3,Apt/Condo
1986 E 8th Avenue,"$1,998,800",Grandview East,Vancouver,3 bd,2,House
103 1040 E Broadway Avenue,"$499,900",Mount Pleasant East,Vancouver,1 bd,1,Apt/Condo
688 W 29th Avenue,"$4,990,000",Cambie,Vancouver,5 bd,4,House
106 3731 W 6th Avenue,"$585,800",Point Grey,Vancouver,1 bd,1,Apt/Condo
209 231 E Pender Street,"$478,000",Strathcona,Vancouver,1 bd,1,Apt/Condo
503 1495 Richards Street,"$1,299,000",Yaletown,Vancouver,2 bd,2,Apt/Condo
202 477 W 59th Avenue,"$1,350,000",South Cambie,Vancouver,3 bd,2,Apt/Condo
3132 Maple Street,"$1,995,000",Kitsilano,Vancouver,2 bd,3,Townhouse
3188 Grant Street,"$1,868,000",Renfrew,Vancouver,4 bd,4,Duplex
2701 1372 Seymour Street,"$1,688,000",Downtown West,Vancouver,2 bd,2,Apt/Condo
1071 Semlin Drive,"$1,699,000",Grandview East,Vancouver,3 bd,3,Townhouse
213 1545 E 2nd Avenue,"$549,000",Grandview East,Vancouver,1 bd,1,Apt/Condo
315 4990 Mcgeer Street,"$515,000",Collingwood,Vancouver,1 bd,1,Apt/Condo
2326 Windsor Street,"$1,399,000",Mount Pleasant East,Vancouver,3 bd,3,Townhouse
1108 66 W Cordova Street,"$539,000",Downtown West,Vancouver,1 bd,1,Apt/Condo
8258 Tugboat Place,"$2,998,000",Southlands,Vancouver,4 bd,4,House
2303 1188 Howe Street,"$798,000",Downtown West,Vancouver,2 bd,2,Apt/Condo
2795 W 37th Avenue,"$5,750,000",,Vancouver,5 bd,7,House
501 433 SW Marine Drive,"$918,000",Marpole,Vancouver,2 bd,2,Apt/Condo
509 2105 W 46th Avenue,"$2,338,900",Kerrisdale,Vancouver,2 bd,2,Apt/Condo
508 2105 W 46th Avenue,"$1,899,000",Kerrisdale,Vancouver,2 bd,2,Apt/Condo
Ph3 1790 Bayshore Drive,"$5,499,800",Coal Harbour,Vancouver,3 bd,4,Apt/Condo
216 455 E 16th Avenue,"$1,449,900",Mount Pleasant East,Vancouver,3 bd,2,Townhouse
1005 1003 Burnaby Street,"$485,000",West End,Vancouver,1 bd,1,Apt/Condo
3576 E Georgia Street,"$2,198,000",Renfrew,Vancouver,6 bd,4,House
3822 W 2nd Avenue,"$4,998,000",Point Grey,Vancouver,5 bd,4,House
Tha 1199 Marinaside Crescent,"$2,398,000",Yaletown,Vancouver,3 bd,3,Townhouse
2984 W 31st Avenue,"$4,199,800",Mackenzie Heights,Vancouver,9 bd,8,House
2731 Sophia Street,"$949,000",Mount Pleasant East,Vancouver,2 bd,1,Townhouse
8 1019 Gilford Street,"$1,075,000",West End,Vancouver,2 bd,2,Apt/Condo
