Address,Price,Neighbourhood,City,Latitude,Longitude,Bedrooms,Bathrooms,Home Type
1004 1003 Burnaby Street,"$680,000",West End,Vancouver,49.278791,-123.130299,1 bd,1,Apt/Condo
512 2220 Kingsway Street,"$879,000",Victoria East,Vancouver,49.242804,-123.061615,2 bd,2,Apt/Condo
5756 St. Margarets Street,"$2,288,000",Killarney,Vancouver,49.231853,-123.056188,6 bd,3,House
7232 Granville Street,"$2,688,000",South Granville,Vancouver,49.220342,-123.139696,3 bd,2,House
1207 8533 River District Crossing,"$909,000",South Marine,Vancouver,49.20489,-123.031289,2 bd,2,Apt/Condo
Thk 1111 Marinaside Crescent,"$3,499,000",Yaletown,Vancouver,49.273637,-123.116652,3 bd,3,Townhouse
585 W 26th Avenue,"$2,299,900",Cambie,Vancouver,49.247719,-123.117975,4 bd,3,Townhouse
557 W 26th Avenue,"$2,199,900",Cambie,Vancouver,49.24771,-123.117467,4 bd,3,Townhouse
2302 1499 W Pender Street,"$2,999,900",Coal Harbour,Vancouver,49.289964,-123.128049,2 bd,3,Apt/Condo
676 W 26th Avenue,"$1,990,000",Cambie,Vancouver,49.247343,-123.091001,3 bd,3,Townhouse
1 1809 E 15th Avenue,"$1,738,000",Grandview East,Vancouver,49.257088,-123.067721,4 bd,4,Duplex
1204 983 E Hastings Street,"$724,900",Strathcona,Vancouver,49.281639,-123.078845,1 bd,1,Apt/Condo
319 760 Kingsway Street,"$449,000",Fraser East,Vancouver,49.255851,-123.088796,1 bd,1,Apt/Condo
1 2320 Grant Street,"$1,879,000",Grandview East,Vancouver,49.270954,-123.057629,3 bd,4,Duplex
2 2260 E 25th Avenue,"$1,548,000",Victoria East,Vancouver,49.24791,-123.059213,3 bd,4,Duplex
1310 819 Hamilton Street,"$839,900",Downtown West,Vancouver,49.278803,-123.116521,2 bd,2,Apt/Condo
627 W 39th Avenue,"$9,000,000",Cambie,Vancouver,49.235667,-123.118886,4 bd,2,House
5120 Killarney Street,"$2,699,000",Collingwood,Vancouver,49.237924,-123.043571,7 bd,4,House
2610 89 Nelson Street,"$759,000",Yaletown,Vancouver,49.274967,-123.115376,1 bd,1,Apt/Condo
160 1 E Cordova Street,"$429,900",Downtown East,Vancouver,49.282576,-123.103734,0 bd,1,Apt/Condo
Ph610 1540 W 2nd Avenue,"$2,799,000",False Creek,Vancouver,49.269418,-123.139838,2 bd,3,Apt/Condo
215 2889 E 1st Avenue,"$729,000",Renfrew,Vancouver,49.269961,-123.044686,2 bd,2,Apt/Condo
412 2528 Maple Street,"$1,079,900",Kitsilano,Vancouver,49.263465,-123.149961,2 bd,2,Apt/Condo
8 1019 Gilford Street,"$1,075,000",West End,Vancouver,49.2903,-123.140972,2 bd,2,Apt/Condo
2551 Triumph Street,"$1,479,000",Hastings Sunrise,Vancouver,49.284141,-123.053337,3 bd,4,Duplex
4004 128 W Cordova Street,"$699,000",Downtown West,Vancouver,49.282525,-123.107958,1 bd,1,Apt/Condo
708 1688 Pullman Porter Street,"$928,000",Mount Pleasant East,Vancouver,49.234408,-123.025829,1 bd,1,Apt/Condo
503 53 W Hastings Street,"$499,900",Downtown West,Vancouver,49.282116,-123.106307,1 bd,1,Apt/Condo
2783 W 8th Avenue,"$1,899,000",Kitsilano,Vancouver,49.265184,-123.168051,4 bd,3,Duplex
2768 E 25th Avenue,"$2,998,000",Renfrew Heights,Vancouver,49.247673,-123.047995,7 bd,7,House
115 1717 W 13th Avenue,"$788,800",Fairview,Vancouver,49.260182,-123.144071,2 bd,1,Apt/Condo
301 345 Water Street,"$679,900",Coal Harbour,Vancouver,49.284779,-123.109806,1 bd,1,Apt/Condo
503 910 Beach Avenue,"$525,000",Yaletown,Vancouver,49.275321,-123.133399,1 bd,1,Apt/Condo
557 Rupert Street,"$1,799,000",Renfrew,Vancouver,49.279434,-123.034049,6 bd,2,House
4042 W 34th Avenue,"$6,388,000",Dunbar,Vancouver,49.241176,-123.195008,5 bd,6,House
688 W 6th Avenue,"$1,015,000",Fairview,Vancouver,49.265627,-123.120135,2 bd,2,Townhouse
7 5389 Vine Street,"$1,898,000",Kerrisdale,Vancouver,49.237777,-123.16025,3 bd,2,Apt/Condo
102 1860 W 6th Avenue,"$1,089,900",Kitsilano,Vancouver,49.264776,-123.066519,2 bd,2,Townhouse
1802 1351 Continental Street,"$825,000",Downtown West,Vancouver,49.276267,-123.128981,1 bd,1,Apt/Condo
213 1869 Spyglass Place,"$1,222,000",False Creek,Vancouver,49.268942,-123.115296,2 bd,2,Apt/Condo
302 379 E Broadway,"$659,900",Mount Pleasant East,Vancouver,49.262994,-123.096474,1 bd,1,Apt/Condo
802 1688 Pullman Porter Street,"$699,000",Mount Pleasant East,Vancouver,49.234408,-123.025829,1 bd,1,Apt/Condo
453 E 47th Avenue,"$1,828,000",Fraser East,Vancouver,49.227715,-123.095493,2 bd,2,House
1 351 E 38th Avenue,"$2,188,000",Main,Vancouver,49.23653,-123.098221,3 bd,4,Duplex
4266 W 10th Avenue,"$2,698,000",Point Grey,Vancouver,49.263427,-123.201818,5 bd,2,House
703 1468 W 14th Avenue,"$1,188,000",Fairview,Vancouver,49.258615,-123.137357,2 bd,2,Apt/Condo
2402 939 Homer Street,"$698,000",Yaletown,Vancouver,49.278115,-123.119485,2 bd,1,Apt/Condo
203 1177 Hornby Street,"$638,000",Downtown West,Vancouver,49.278837,-123.128065,1 bd,1,Apt/Condo
Ph1 979 E 19th Avenue,"$1,349,000",Fraser East,Vancouver,49.253808,-123.084263,3 bd,2,Apt/Condo
1903 811 Helmcken Street,"$799,800",Downtown West,Vancouver,49.279247,-123.125531,2 bd,2,Apt/Condo
1 1186 Kaslo Street,"$1,639,000",Renfrew,Vancouver,49.27444,-123.046474,3 bd,3,Duplex
206 528 W King Edward Avenue,"$799,000",Cambie,Vancouver,49.248669,-123.11692,1 bd,1,Apt/Condo
505 3228 Tupper Street,"$699,900",Cambie,Vancouver,49.256398,-123.115578,1 bd,1,Apt/Condo
6810 Arlington Street,"$819,000",Killarney,Vancouver,49.221347,-123.030206,3 bd,1,Townhouse
217 678 W 7th Avenue,"$666,000",Fairview,Vancouver,49.265018,-123.110122,1 bd,1,Apt/Condo
309 2277 E 30th Avenue,"$439,000",Victoria East,Vancouver,49.24154,-123.059303,1 bd,1,Apt/Condo
1362 E 60th Avenue,"$1,580,000",South Vancouver,Vancouver,49.215236,-123.078257,5 bd,2,House
540 E 11th Avenue,"$1,198,000",Mount Pleasant East,Vancouver,49.260377,-123.091996,2 bd,1,Townhouse
906 4815 Eldorado Mews,"$538,000",Collingwood,Vancouver,49.241221,-123.057581,1 bd,1,Apt/Condo
1 1166 E 11th Avenue,"$1,998,800",Mount Pleasant East,Vancouver,49.260284,-123.079823,4 bd,4,Duplex
1718 1618 Quebec Street,"$699,900",Mount Pleasant East,Vancouver,49.271542,-123.1015,1 bd,1,Apt/Condo
3529 Napier Street,"$1,688,000",Renfrew,Vancouver,49.275177,-123.027651,4 bd,4,House
2707 E 26th Avenue,"$1,399,000",Renfrew Heights,Vancouver,49.247327,-123.048814,3 bd,4,Duplex
3163 E 1st Avenue,"$1,799,888",Renfrew,Vancouver,49.26978,-123.037372,5 bd,2,House
1102 455 Beach Crescent,"$1,338,000",Yaletown,Vancouver,49.272668,-123.127769,2 bd,2,Apt/Condo
6485 Adera Street,"$5,280,000",South Granville,Vancouver,49.227299,-123.143927,4 bd,3,Townhouse
6789 Cambie Street,"$5,888,000",South Cambie,Vancouver,49.223577,-123.117208,4 bd,3,House
208 788 W 8th Avenue,"$2,260,000",Fairview,Vancouver,49.263975,-123.12148,3 bd,2,Townhouse
204 788 W 8th Avenue,"$2,440,000",Fairview,Vancouver,49.263975,-123.12148,3 bd,2,Townhouse
205 788 W 8th Avenue,"$2,320,000",Fairview,Vancouver,49.263975,-123.12148,3 bd,2,Townhouse
609 1288 Marinaside Crescent,"$1,198,000",Yaletown,Vancouver,49.272079,-123.120377,2 bd,2,Apt/Condo
1723 Alberni Street 1508,"$645,000",West End,Vancouver,49.291713,-123.133091,1 bd,1,Apt/Condo
202 788 W 8th Avenue,"$2,316,000",Fairview,Vancouver,49.263975,-123.12148,3 bd,2,Townhouse
201 788 W 8th Avenue,"$2,296,000",Fairview,Vancouver,49.263975,-123.12148,3 bd,2,Townhouse
105 788 W 8th Avenue,"$2,720,000",Fairview,Vancouver,49.263975,-123.12148,3 bd,3,Apt/Condo
L02 788 W 8th Avenue,"$3,128,000",Fairview,Vancouver,49.263975,-123.12148,3 bd,4,Townhouse
101 788 W 8th Avenue,"$1,736,000",Fairview,Vancouver,49.263975,-123.12148,2 bd,2,Townhouse
2505 777 Richards Street,"$738,000",Downtown West,Vancouver,49.280448,-123.118037,1 bd,1,Apt/Condo
L01 788 W 8th Avenue,"$3,184,000",Fairview,Vancouver,49.263975,-123.12148,3 bd,4,Townhouse
319 2377 E 11th Avenue,"$679,900",Grandview East,Vancouver,49.26103,-123.111724,1 bd,1,Apt/Condo
210 3198 Riverwalk Avenue,"$975,000",South Marine,Vancouver,49.205405,-123.03914,2 bd,2,Apt/Condo
1573 W 66th Avenue,"$2,688,000",Southwest Marine,Vancouver,49.211654,-123.142838,5 bd,4,House
3290 Cypress Street,"$5,498,000",Shaughnessy,Vancouver,49.256513,-123.148065,4 bd,4,House
402 1012 Beach Avenue,"$1,999,000",Yaletown,Vancouver,49.271591,-123.12802,2 bd,2,Apt/Condo
404 1790 Bayshore Drive,"$1,998,000",Coal Harbour,Vancouver,49.292046,-123.13078,2 bd,2,Apt/Condo
2 3260 Graveley Street,"$1,625,000",Renfrew,Vancouver,49.270161,-123.034966,4 bd,4,Duplex
403 2377 E 11th Avenue,"$1,199,900",Grandview East,Vancouver,49.260926,-123.095549,2 bd,3,Townhouse
106 2377 E 11th Avenue,"$1,319,900",Grandview East,Vancouver,49.260868,-123.103296,2 bd,3,Townhouse
309 2377 E 11th Avenue,"$1,489,900",Grandview East,Vancouver,49.260799,-123.09801,3 bd,3,Townhouse
1188 W 55th Avenue,"$28,880,000",South Granville,Vancouver,49.220119,-123.132186,8 bd,12,House
1020 Wolfe Avenue,"$5,990,000",Shaughnessy,Vancouver,49.25248,-123.128293,9 bd,6,House
607 833 Seymour Street,"$699,900",Downtown West,Vancouver,49.280497,-123.119756,1 bd,1,Apt/Condo
250 E 54th Avenue,"$1,498,000",South Vancouver,Vancouver,49.220757,-123.100626,4 bd,4,Duplex
2061 E 41st Avenue,"$1,898,000",Victoria East,Vancouver,49.233173,-123.064297,5 bd,3,House
1728 Cypress Street,"$1,489,500",Kitsilano,Vancouver,49.270202,-123.148145,2 bd,2,Townhouse
2026 W 14th Avenue,"$2,698,000",Kitsilano,Vancouver,49.258839,-123.151437,3 bd,3,Duplex
2453 W 10th Avenue,"$3,498,000",Kitsilano,Vancouver,49.263248,-123.161373,5 bd,4,Duplex
1107 1068 Hornby Street,"$629,000",Downtown West,Vancouver,49.279642,-123.125742,1 bd,1,Apt/Condo
24 7565 Oak Street,"$1,559,000",South Granville,Vancouver,50.57918,-126.921088,3 bd,3,Townhouse
1290 E 48th Avenue,"$2,198,000",Knight,Vancouver,49.225929,-123.080296,7 bd,4,House
6926 Tisdall Street,"$3,290,000",South Cambie,Vancouver,49.222376,-123.120409,11 bd,4,House
208 633 W 16th Avenue,"$875,000",Fairview,Vancouver,49.257235,-123.119081,2 bd,1,Apt/Condo
3812 W 15th Avenue,"$1,880,000",Point Grey,Vancouver,49.258707,-123.188484,3 bd,3,Duplex
3814 W 15th Avenue,"$1,880,000",Point Grey,Vancouver,49.258712,-123.1885,3 bd,3,Duplex
302 1080 Pacific Street,"$509,000",West End,Vancouver,49.277822,-123.134387,1 bd,1,Apt/Condo
1110 W 15th Avenue,"$2,225,000",Fairview,Vancouver,49.257618,-123.129723,3 bd,2,Duplex
1 3165 W 14th Avenue,"$3,099,000",Kitsilano,Vancouver,49.259926,-123.175365,3 bd,4,Duplex
950 W 43rd Avenue,"$1,699,000",Oakridge,Vancouver,49.230825,-123.130458,3 bd,4,Townhouse
4569 W 2nd Avenue,"$3,798,000",Point Grey,Vancouver,49.271603,-123.210982,2 bd,2,House
2248 E 3rd Avenue,"$1,625,000",Grandview East,Vancouver,49.267491,-123.058959,3 bd,3,House
1987 W 35th Avenue,"$6,888,000",Quilchena,Vancouver,49.240294,-123.151083,6 bd,6,House
802 1565 W 6th Avenue,"$699,000",False Creek,Vancouver,49.266491,-123.140068,1 bd,1,Apt/Condo
300 1055 Homer Street,"$1,538,000",Yaletown,Vancouver,49.276978,-123.121219,2 bd,2,Apt/Condo
3404 1335 Howe Street,"$2,439,900",Downtown West,Vancouver,49.276569,-123.129609,2 bd,2,Apt/Condo
268 W 1st Avenue,"$774,900",False Creek,Vancouver,49.268485,-123.098107,1 bd,1,Apt/Condo
1501 1483 Homer Street,"$1,789,000",Yaletown,Vancouver,49.272027,-123.126813,2 bd,2,Apt/Condo
1555 E 21st Avenue,"$1,538,000",Knight,Vancouver,49.251893,-123.072681,3 bd,3,Duplex
1 2623 Triumph Street,"$1,638,000",Hastings Sunrise,Vancouver,49.284139,-123.051262,3 bd,4,Duplex
2 2623 Triumph Street,"$1,698,000",Hastings Sunrise,Vancouver,49.284139,-123.051262,3 bd,4,Duplex
1 3830 W 23rd Avenue,"$2,578,000",Dunbar,Vancouver,49.25172,-123.188969,3 bd,4,Duplex
1801 1155 Seymour Street,"$657,000",Downtown West,Vancouver,49.280507,-123.119571,1 bd,1,Apt/Condo
402 1188 Quebec Street,"$999,900",Downtown East,Vancouver,49.25025,-123.102902,2 bd,2,Apt/Condo
811 1325 Rolston Street,"$578,000",Downtown West,Vancouver,49.275617,-123.127925,1 bd,1,Apt/Condo
1638 Marpole Avenue,"$12,990,000",Shaughnessy,Vancouver,49.255328,-123.141728,5 bd,8,House
201 2025 Stephens Street,"$545,000",Kitsilano,Vancouver,49.268069,-123.16671,1 bd,1,Apt/Condo
1204 1188 Howe Street,"$550,000",Downtown West,Vancouver,49.277764,-123.12779,1 bd,1,Apt/Condo
1071 Semlin Drive,"$1,699,000",Grandview East,Vancouver,49.274492,-123.063966,3 bd,3,Townhouse
311 2520 Guelph Street,"$699,900",Mount Pleasant East,Vancouver,49.262215,-123.094458,0 bd,1,Apt/Condo
808 8570 Rivergrass Drive,"$879,000",South Marine,Vancouver,49.205371,-123.029248,2 bd,2,Apt/Condo
701 919 Station Street,"$629,000",Strathcona,Vancouver,48.446587,-123.496882,1 bd,1,Apt/Condo
521 3438 Sawmill Crescent,"$600,000",South Marine,Vancouver,49.205784,-123.032766,1 bd,1,Apt/Condo
501 209 E 7th Avenue,"$1,398,000",Mount Pleasant East,Vancouver,49.264857,-123.100405,3 bd,2,Apt/Condo
4102 777 Richards Street,"$1,849,000",Downtown West,Vancouver,49.280448,-123.118037,2 bd,2,Apt/Condo
1161 E 11th Avenue,"$1,999,999",Mount Pleasant East,Vancouver,49.260807,-123.080088,4 bd,4,Duplex
2 3772 W 20th Avenue,"$2,648,000",Dunbar,Vancouver,49.254414,-123.187582,3 bd,4,Duplex
1 3772 W 20th Avenue,"$2,598,000",Dunbar,Vancouver,49.254414,-123.187582,3 bd,4,Duplex
6011 Macdonald Street,"$3,798,000",Kerrisdale,Vancouver,49.231692,-123.167833,6 bd,5,House
205 3161 W 4th Avenue,"$849,900",Kitsilano,Vancouver,49.268705,-123.174915,2 bd,2,Apt/Condo
Ph 3401 1255 Seymour Street,"$2,349,000",Downtown West,Vancouver,49.276039,-123.126471,2 bd,3,Apt/Condo
2309 233 Robson Street,"$648,000",Downtown West,Vancouver,49.283545,-123.123071,1 bd,1,Apt/Condo
2293 E 37th Avenue,"$1,199,900",Victoria East,Vancouver,49.23706,-123.059199,3 bd,3,Townhouse
901 1575 Beach Avenue,"$1,449,000",West End,Vancouver,49.283096,-123.141367,2 bd,2,Apt/Condo
2301 89 Nelson Street,"$1,499,000",Yaletown,Vancouver,49.274967,-123.115376,2 bd,2,Apt/Condo
506 55 E Cordova Street,"$899,000",Downtown East,Vancouver,49.282595,-123.102962,1 bd,2,Apt/Condo
1389 E 39th Avenue,"$1,680,000",Knight,Vancouver,49.23492,-123.077373,2 bd,2,House
17 1350 W 6th Avenue,"$749,000",Fairview,Vancouver,49.265879,-123.135055,1 bd,1,Townhouse
209 2102 W 48th Avenue,"$3,199,000",Kerrisdale,Vancouver,49.227453,-123.155893,4 bd,3,Apt/Condo
206 688 E 19th Avenue,"$829,800",Fraser East,Vancouver,49.253479,-123.090447,2 bd,2,Apt/Condo
410 215 E 33rd Avenue,"$1,145,500",Main,Vancouver,49.24077,-123.101062,2 bd,2,Apt/Condo
2 3320 E 44th Avenue,"$1,588,000",Killarney,Vancouver,49.229808,-123.034038,5 bd,5,Duplex
301 1502 Island Park Walk,"$1,249,000",False Creek,Vancouver,49.270581,-123.139126,2 bd,2,Apt/Condo
105 2272 Dundas Street,"$639,900",Hastings,Vancouver,49.284558,-123.058355,2 bd,1,Apt/Condo
4557 Reid Street,"$2,599,888",Collingwood,Vancouver,49.243613,-123.036811,7 bd,7,House
402 1188 Richards Street,"$499,900",Yaletown,Vancouver,49.27599,-123.123515,1 bd,1,Apt/Condo
2216 E 38th Avenue,"$1,759,000",Victoria East,Vancouver,49.235629,-123.061358,5 bd,4,Duplex
3224 Marmion Avenue,"$1,625,000",Killarney,Vancouver,49.231313,-123.036689,4 bd,3,Duplex
313 2250 E 1st Avenue,"$985,900",Grandview East,Vancouver,49.269251,-123.059164,2 bd,2,Apt/Condo
153 2230 E 1st Avenue,"$1,526,900",Grandview East,Vancouver,49.270484,-123.102109,3 bd,3,Townhouse
920 3557 Sawmill Crescent,"$918,000",South Marine,Vancouver,49.205837,-123.028152,2 bd,2,Apt/Condo
2727 W 7th Avenue,"$2,690,000",Kitsilano,Vancouver,49.26552,-123.167185,3 bd,3,Duplex
1219 1768 Cook Street,"$618,000",False Creek,Vancouver,49.269664,-123.109934,1 bd,1,Apt/Condo
2721 W 7th Avenue,"$2,425,000",Kitsilano,Vancouver,49.266019,-123.167095,3 bd,3,Duplex
706 1725 Pendrell Street,"$739,000",West End,Vancouver,49.287374,-123.139378,1 bd,1,Apt/Condo
1 1322 13th Avenue,"$1,929,999",Grandview East,Vancouver,49.258966,-123.076979,4 bd,4,Duplex
2335 W 8th Avenue,"$4,500,000",Kitsilano,Vancouver,49.265074,-123.158514,12 bd,5,House
2325 W 8th Avenue,"$3,990,000",Kitsilano,Vancouver,49.26507,-123.158304,4 bd,2,House
2325/35 W 8th Avenue,"$8,500,000",Kitsilano,Vancouver,49.26507,-123.158304,16 bd,8,House
3702 833 Seymour Street,"$1,699,999",Downtown West,Vancouver,49.280497,-123.119756,2 bd,2,Apt/Condo
1 2403 W 37th Avenue,"$2,875,000",Quilchena,Vancouver,49.238667,-123.161317,3 bd,4,Duplex
201 1318 W 6th Avenue,"$888,000",Fairview,Vancouver,49.26586,-123.134113,2 bd,2,Apt/Condo
409 289 Alexander Street,"$825,000",Strathcona,Vancouver,49.284431,-123.09843,1 bd,2,Apt/Condo
411 2366 Wall Street,"$545,000",Hastings,Vancouver,49.290158,-123.057169,1 bd,1,Apt/Condo
4444 W 2nd Avenue,"$3,998,000",Point Grey,Vancouver,49.270987,-123.207256,5 bd,4,House
1161 Keefer Street,"$2,399,000",Strathcona,Vancouver,49.279381,-123.079889,5 bd,5,Duplex
1504 1568 Alberni Street,"$2,388,000",West End,Vancouver,49.289738,-123.131183,2 bd,2,Apt/Condo
105 205 E 10th Avenue,"$625,000",Mount Pleasant East,Vancouver,49.262278,-123.100641,0 bd,1,Apt/Condo
1 39 W 22nd Avenue,"$2,489,000",Cambie,Vancouver,49.251232,-123.10594,3 bd,4,Duplex
2 39 W 22nd Avenue,"$2,489,000",Cambie,Vancouver,49.251232,-123.10594,3 bd,4,Duplex
1801 183 Keefer Place,"$799,000",Downtown West,Vancouver,49.279559,-123.106509,2 bd,1,Apt/Condo
5203 1480 Howe Street,"$5,988,000",Yaletown,Vancouver,49.274891,-123.131173,3 bd,3,Apt/Condo
2611 610 Granville Street,"$899,000",Downtown West,Vancouver,49.28312,-123.116554,2 bd,2,Apt/Condo
1688 W 61st Avenue,"$4,150,000",South Granville,Vancouver,49.2157,-123.145815,6 bd,6,House
402 4988 Cambie Street,"$799,900",Cambie,Vancouver,49.240173,-123.117258,1 bd,1,Apt/Condo
6908 Dawson Street,"$2,849,000",Killarney,Vancouver,49.221078,-123.048547,7 bd,4,House
607 5168 Cambie Street,"$1,149,900",Cambie,Vancouver,49.23884,-123.11579,1 bd,1,Apt/Condo
1506 1188 Howe Street,"$585,000",Downtown West,Vancouver,49.274171,-123.132003,1 bd,1,Apt/Condo
5306 Culloden Street,"$1,425,000",Knight,Vancouver,49.236371,-123.077923,2 bd,1,House
2 1322 13th Avenue,"$1,949,999",Grandview East,Vancouver,49.258966,-123.076979,4 bd,4,Duplex
1907 4815 Eldorado Mews,"$699,000",Collingwood,Vancouver,49.241221,-123.057581,2 bd,1,Apt/Condo
2033 E 35th Avenue,"$1,628,000",Victoria East,Vancouver,49.238349,-123.064563,4 bd,4,Duplex
2035 E 35th Avenue,"$1,699,000",Victoria East,Vancouver,49.238349,-123.064563,4 bd,4,Duplex
103 788 W 8th Avenue,"$1,448,000",Fairview,Vancouver,49.263975,-123.12148,2 bd,1,Apt/Condo
203 788 W 8th Avenue,"$2,264,000",Fairview,Vancouver,49.263975,-123.12148,3 bd,2,Apt/Condo
206 788 W 8th Avenue,"$2,292,000",Fairview,Vancouver,49.263975,-123.12148,3 bd,2,Apt/Condo
102 788 W 8th Avenue,"$1,736,000",Fairview,Vancouver,49.263975,-123.12148,2 bd,2,Apt/Condo
106 788 W 8th Avenue,"$1,320,000",Fairview,Vancouver,49.263975,-123.12148,1 bd,1,Apt/Condo
104 788 W 8th Avenue,"$1,228,000",Fairview,Vancouver,49.263975,-123.12148,1 bd,1,Apt/Condo
L03 788 W 8th Avenue,"$2,460,000",Fairview,Vancouver,49.263975,-123.12148,2 bd,2,Apt/Condo
207 788 W 8th Avenue,"$2,284,000",Fairview,Vancouver,49.263975,-123.12148,3 bd,2,Apt/Condo
902 1325 Rolston Street,"$799,000",Downtown West,Vancouver,49.275617,-123.127925,2 bd,1,Apt/Condo
807 518 Moberly Road,"$1,599,000",False Creek,Vancouver,49.267868,-123.116872,2 bd,2,Apt/Condo
125 W 41st Avenue,"$1,650,000",Cambie,Vancouver,49.23355,-123.108809,3 bd,3,Townhouse
2407 1155 Seymour Street,"$545,000",Downtown West,Vancouver,49.280507,-123.119571,0 bd,1,Apt/Condo
1344 Laburnum Street,"$1,960,000",Kitsilano,Vancouver,49.274001,-123.151118,3 bd,2,Townhouse
1346 Laburnum Street,"$2,188,000",Kitsilano,Vancouver,49.274001,-123.151118,2 bd,2,Townhouse
1701 1499 W Pender Street,"$2,230,000",Coal Harbour,Vancouver,49.289964,-123.128049,2 bd,2,Apt/Condo
2959 W 16 Avenue,"$3,998,000",Kitsilano,Vancouver,49.258061,-123.171668,5 bd,5,House
923-925 E Broadway,"$3,788,000",Mount Pleasant East,Vancouver,49.26273,-123.084629,14 bd,6,House
3625 Monmouth Avenue,"$1,698,000",Collingwood,Vancouver,49.23952,-123.02554,4 bd,2,House
3402 1335 Howe Street,"$1,769,900",Downtown West,Vancouver,49.276569,-123.129609,2 bd,2,Apt/Condo
3868 W 23rd Avenue,"$3,988,000",Dunbar,Vancouver,49.251723,-123.189695,6 bd,3,House
2905 Rosemont Drive,"$2,188,000",Fraserview East,Vancouver,49.217542,-123.046758,5 bd,4,Duplex
2069 E 1st Avenue,"$1,489,000",Grandview East,Vancouver,49.26981,-123.062398,3 bd,3,Townhouse
371 E 16th Avenue,"$1,575,000",Mount Pleasant East,Vancouver,49.256801,-123.096832,3 bd,3,Duplex
1426 W 48th Avenue,"$5,699,000",South Granville,Vancouver,49.227561,-123.138059,6 bd,6,House
1109 8189 Cambie Street,"$627,800",Marpole,Vancouver,49.210128,-123.118339,1 bd,1,Apt/Condo
3108 W 31st Avenue,"$6,375,000",Mackenzie Heights,Vancouver,49.243946,-123.174462,6 bd,6,House
Ph2 668 W 16th Avenue,"$1,258,800",Cambie,Vancouver,49.256719,-123.119065,2 bd,2,Apt/Condo
5352 Lanark Street,"$1,629,000",Knight,Vancouver,49.236079,-123.075146,3 bd,4,Duplex
1104 489 Interurban Way,"$539,900",Marpole,Vancouver,49.209367,-123.115944,1 bd,1,Apt/Condo
407 5399 Joyce Street,"$799,000",Collingwood,Vancouver,49.235396,-123.035085,2 bd,2,Apt/Condo
6261 Adera Street,"$5,880,000",South Granville,Vancouver,49.229214,-123.14392,6 bd,5,House
4190 W 11th Avenue,"$3,088,000",Point Grey,Vancouver,49.262489,-123.199551,4 bd,3,House
502 1188 W Pender Street,"$749,000",Coal Harbour,Vancouver,49.288054,-123.123095,1 bd,1,Apt/Condo
21 7565 Oak Street,"$1,546,000",South Granville,Vancouver,50.579624,-126.920905,3 bd,3,Townhouse
18 E 1st Avenue,"$1,588,000",Mount Pleasant East,Vancouver,49.269926,-123.104176,3 bd,3,Townhouse
204 1205 W 14th Avenue,"$819,900",Fairview,Vancouver,49.259071,-123.131812,2 bd,2,Townhouse
1837 Matthews Avenue,"$6,298,000",Shaughnessy,Vancouver,49.251583,-123.146601,6 bd,5,House
4390 Kaslo Street,"$3,651,763",Renfrew Heights,Vancouver,49.245353,-123.046751,0 bd,1,House
2 1328 E 35th Avenue,"$1,698,000",Knight,Vancouver,49.238304,-123.07845,3 bd,4,Duplex
1 2260 E 25th Avenue,"$1,499,000",Victoria East,Vancouver,49.24791,-123.059213,3 bd,4,Duplex
210 5989 Iona Drive,"$1,550,000",University (Ubc),Vancouver,49.271516,-123.250855,2 bd,2,Apt/Condo
2309 1009 Expo Boulevard,"$629,000",Yaletown,Vancouver,49.277722,-123.110809,1 bd,1,Apt/Condo
2 6273 Windsor Street,"$1,628,800",Fraser East,Vancouver,49.227628,-123.085569,3 bd,3,Duplex
485 W 35th Avenue,"$7,380,000",Cambie,Vancouver,49.239443,-123.11647,0 bd,,Land/Lot
5584 Mackenzie Street,"$2,698,000",Kerrisdale,Vancouver,49.235982,-123.169781,5 bd,3,House
202 2973 Kingsway,"$650,000",Collingwood,Vancouver,49.236324,-123.043217,2 bd,2,Apt/Condo
1 6273 Windsor Street,"$1,588,800",Fraser East,Vancouver,49.227628,-123.085569,3 bd,3,Duplex
2262 Newport Avenue,"$1,599,000",Fraserview East,Vancouver,49.215041,-123.060701,4 bd,4,Duplex
1 1328 E 35th Avenue,"$1,648,000",Knight,Vancouver,49.238304,-123.07845,3 bd,4,Duplex
4517 W 4th Avenue,"$6,999,000",Point Grey,Vancouver,49.269329,-123.210104,4 bd,4,House
103 1266 W 13th Avenue,"$679,000",Fairview,Vancouver,49.259468,-123.133006,1 bd,1,Apt/Condo
5630 Lincoln Street,"$1,649,000",Collingwood,Vancouver,49.233206,-123.025587,5 bd,2,House
Ph 2805 1323 Homer Street,"$2,988,888",Yaletown,Vancouver,49.273879,-123.126066,2 bd,2,Apt/Condo
36 4900 Cartier Street,"$2,350,000",Shaughnessy,Vancouver,49.240721,-123.136482,2 bd,3,Townhouse
1112 E 21st Avenue,"$1,899,900",Knight,Vancouver,49.251505,-123.081413,3 bd,2,House
1150 E 41st Avenue,"$1,938,000",Knight,Vancouver,49.232495,-123.081964,6 bd,4,House
1202 1788 Ontario Street,"$2,798,000",False Creek,Vancouver,49.269533,-123.104232,2 bd,2,Apt/Condo
1 526 E 30th Avenue,"$2,890,000",Fraser East,Vancouver,49.243301,-123.093564,4 bd,4,Duplex
213 1330 Burrard Street,"$465,000",West End,Vancouver,49.277302,-123.13129,0 bd,1,Apt/Condo
903 1678 Pullman Porter Street,"$2,349,000",Mount Pleasant East,Vancouver,49.270746,-123.103739,2 bd,2,Apt/Condo
407 590 Nicola Street,"$1,749,000",Coal Harbour,Vancouver,49.29105,-123.128192,2 bd,2,Apt/Condo
1010 38 W 1st Avenue,"$1,090,000",False Creek,Vancouver,49.26994,-123.105572,2 bd,2,Apt/Condo
308 1478 W Hastings Street,"$668,000",Coal Harbour,Vancouver,49.290132,-123.127923,1 bd,1,Apt/Condo
806 928 Beatty Street,"$529,000",Yaletown,Vancouver,49.275828,-123.11563,0 bd,1,Apt/Condo
131 W 41st Avenue,"$1,549,000",Cambie,Vancouver,49.233559,-123.109005,2 bd,2,Townhouse
2 128 W Woodstock Avenue,"$2,090,000",Cambie,Vancouver,49.233549,-123.108796,3 bd,2,Townhouse
1809 1283 Howe Street,"$650,000",Downtown West,Vancouver,49.277218,-123.128625,1 bd,1,Apt/Condo
604 555 Jervis Street,"$738,000",Coal Harbour,Vancouver,49.288547,-123.125844,1 bd,1,Apt/Condo
2301 501 Pacific Street,"$590,000",Downtown West,Vancouver,49.274344,-123.12714,0 bd,1,Apt/Condo
1802 1200 W Georgia Street,"$725,000",West End,Vancouver,49.278181,-123.067795,1 bd,1,Apt/Condo
204 2001 Wall Street,"$899,000",Hastings,Vancouver,49.285409,-123.063369,1 bd,1,Apt/Condo
288 E 59th Avenue,"$3,288,000",South Vancouver,Vancouver,49.216461,-123.100018,8 bd,8,House
2 351 E 38th Avenue,"$2,299,000",Main,Vancouver,49.23653,-123.098221,3 bd,4,Duplex
303 4101 Yew Street,"$1,468,800",Quilchena,Vancouver,49.24766,-123.154731,2 bd,3,Apt/Condo
204 2275 W 40th Avenue,"$949,000",Kerrisdale,Vancouver,49.235845,-123.159524,2 bd,2,Apt/Condo
1806 1128 Quebec Street,"$1,748,888",Downtown East,Vancouver,49.274651,-123.101142,3 bd,2,Apt/Condo
502 63 Keefer Place,"$970,000",Downtown West,Vancouver,49.279933,-123.10662,3 bd,2,Apt/Condo
328 Wethersfield Drive,"$1,939,000",South Cambie,Vancouver,49.224606,-123.11404,3 bd,2,Townhouse
103 835 W 7th Avenue,"$979,000",Fairview,Vancouver,49.265292,-123.122807,2 bd,2,Townhouse
3653 Eton Street,"$1,548,000",Hastings Sunrise,Vancouver,49.287388,-123.024308,3 bd,4,Duplex
901 1650 W 7th Avenue,"$819,000",Fairview,Vancouver,49.265153,-123.142063,1 bd,1,Apt/Condo
806 298 E 11 Avenue,"$969,000",Mount Pleasant East,Vancouver,49.260833,-123.098885,2 bd,2,Apt/Condo
584 87 Nelson Street,"$1,100,000",Yaletown,Vancouver,49.278959,-123.122848,2 bd,2,Apt/Condo
302 2080 Maple Street,"$549,000",Kitsilano,Vancouver,49.267488,-123.149955,1 bd,1,Apt/Condo
36 E 37th Avenue,"$2,090,000",Main,Vancouver,49.237049,-123.104738,4 bd,3,Duplex
2301 667 Howe Street,"$2,690,000",Downtown West,Vancouver,49.283705,-123.119032,3 bd,3,Apt/Condo
406 5399 Joyce Street,"$799,000",Collingwood,Vancouver,49.235396,-123.035085,2 bd,2,Apt/Condo
102 1311 Beach Avenue,"$1,475,000",West End,Vancouver,49.281167,-123.13834,1 bd,2,Apt/Condo
51 E 27th Avenue,"$2,498,000",Main,Vancouver,49.247524,-123.104159,3 bd,4,House
213 1424 Walnut Street,"$979,800",Kitsilano,Vancouver,49.273117,-123.148713,2 bd,1,Apt/Condo
1675 Larch Street,"$2,128,000",Kitsilano,Vancouver,49.271174,-123.162392,2 bd,2,House
142 E 27th Avenue,"$2,689,000",Main,Vancouver,49.247028,-123.102357,5 bd,3,House
2025 SW Marine Drive,"$5,600,000",Southwest Marine,Vancouver,49.213441,-123.152077,4 bd,5,House
614 933 Seymour Street,"$699,000",Downtown West,Vancouver,49.279249,-123.121626,1 bd,1,Apt/Condo
412 2388 Western Parkway,"$1,099,000",University (Ubc),Vancouver,49.266543,-123.243857,2 bd,2,Apt/Condo
1810 E 55th Avenue,"$1,888,000",Fraserview East,Vancouver,49.220106,-123.068967,5 bd,4,Duplex
1824 W 12th Avenue,"$849,900",Kitsilano,Vancouver,49.260618,-123.146536,1 bd,2,Townhouse
1608 788 Hamilton Street,"$829,000",Downtown West,Vancouver,49.278743,-123.115035,1 bd,1,Apt/Condo
504 3438 Sawmill Crescent,"$1,499,900",South Marine,Vancouver,49.205784,-123.032766,3 bd,3,Apt/Condo
108 788 W 8th Avenue,"$1,272,000",Fairview,Vancouver,49.263975,-123.12148,1 bd,1,Apt/Condo
109 1855 Stainsbury Avenue,"$1,199,000",Victoria East,Vancouver,49.251416,-123.064806,3 bd,2,Townhouse
1362 E 17th Avenue,"$1,769,000",Knight,Vancouver,49.255063,-123.076684,3 bd,4,Duplex
906 833 Seymour Street,"$674,800",Downtown West,Vancouver,49.280497,-123.119756,1 bd,1,Apt/Condo
2371 E 30th Avenue,"$2,299,000",Collingwood,Vancouver,49.240627,-123.057494,5 bd,3,House
312 5077 Cambie Street,"$1,688,000",Cambie,Vancouver,49.283044,-123.109049,3 bd,2,Apt/Condo
2377 E 30th Avenue,"$2,299,000",Collingwood,Vancouver,49.240576,-123.057389,9 bd,3,House
411 5733 Alberta Street,"$1,249,000",Oakridge,Vancouver,49.233114,-123.113905,2 bd,2,Apt/Condo
Ph7 1082 Seymour Street,"$598,000",Downtown West,Vancouver,49.277631,-123.122958,1 bd,1,Apt/Condo
301 2288 Laurel Street,"$849,000",Fairview,Vancouver,49.398369,-123.559673,2 bd,1,Apt/Condo
5755 Angus Drive,"$11,880,000",South Granville,Vancouver,49.234042,-123.148231,7 bd,8,House
109 1855 Nelson Street,"$665,000",West End,Vancouver,49.290121,-123.139318,1 bd,1,Apt/Condo
1107 1199 Marinaside Crescent,"$899,000",Yaletown,Vancouver,49.273637,-123.116652,1 bd,1,Apt/Condo
3227 E 29th Avenue,"$1,499,000",Renfrew Heights,Vancouver,49.244802,-123.036051,3 bd,3,Duplex
730 Hawks Avenue,"$1,299,000",Strathcona,Vancouver,49.277678,-123.08707,3 bd,3,Townhouse
2995 E 17th Avenue,"$1,990,000",Renfrew Heights,Vancouver,49.254696,-123.041804,6 bd,4,Duplex
3225 E 29th Avenue,"$1,499,000",Renfrew Heights,Vancouver,49.244802,-123.036051,3 bd,3,Duplex
3 SE Marine Drive,"$3,800,000",South Vancouver,Vancouver,49.212544,-123.106195,5 bd,3,House
2510 1111 Richards Street,"$1,675,000",Downtown West,Vancouver,49.277007,-123.123204,3 bd,3,Apt/Condo
216 2545 W Broadway,"$999,000",Kitsilano,Vancouver,49.264294,-123.163584,2 bd,2,Townhouse
7137 Camano Street,"$1,150,000",Champlain Heights,Vancouver,49.219273,-123.0253,3 bd,3,Townhouse
123 1010 W 47th Avenue,"$769,900",South Granville,Vancouver,49.227952,-123.108976,1 bd,1,Townhouse
141 1014 W 47th Avenue,"$1,839,900",South Granville,Vancouver,49.227961,-123.109528,3 bd,3,Townhouse
360 E 24th Avenue,"$2,098,000",Main,Vancouver,49.24911,-123.09743,1 bd,1,House
802 123 W 1st Avenue,"$1,395,000",False Creek,Vancouver,49.270787,-123.107603,2 bd,2,Apt/Condo
1405 5410 Shortcut Road,"$1,190,000",University (Ubc),Vancouver,49.234408,-123.025829,2 bd,2,Apt/Condo
2770 W 5th Avenue,"$3,998,000",Kitsilano,Vancouver,49.267215,-123.167706,7 bd,3,Multifamily
402 1568 Alberni Street,"$998,000",West End,Vancouver,49.289738,-123.131183,1 bd,1,Apt/Condo
2636 Ward Street,"$1,075,000",Collingwood,Vancouver,49.240088,-123.050671,2 bd,2,Multifamily
2634 Ward Street,"$1,165,000",Collingwood,Vancouver,49.240141,-123.050784,3 bd,3,Multifamily
2632 Ward Street,"$1,260,000",Collingwood,Vancouver,49.240141,-123.050784,3 bd,3,Multifamily
3111 1289 Hornby Street,"$1,580,000",Downtown West,Vancouver,49.277708,-123.129641,2 bd,2,Apt/Condo
2302 1325 Rolston Street,"$888,000",Downtown West,Vancouver,49.275617,-123.127925,2 bd,2,Apt/Condo
407 370 Carrall Street,"$529,800",Downtown East,Vancouver,49.281793,-123.104127,1 bd,1,Apt/Condo
2068 E 49th Avenue,"$2,688,000",Killarney,Vancouver,49.22485,-123.064401,8 bd,6,House
1102 909 Mainland Street,"$731,000",Yaletown,Vancouver,49.275148,-123.120702,1 bd,1,Apt/Condo
3002 33 Smithe Street,"$1,550,000",Yaletown,Vancouver,49.274436,-123.11196,2 bd,2,Apt/Condo
805 5728 Berton Avenue,"$1,198,000",University (Ubc),Vancouver,49.254988,-123.235862,2 bd,2,Apt/Condo
1804 1239 W Georgia Street,"$948,000",Coal Harbour,Vancouver,49.287732,-123.125626,2 bd,2,Apt/Condo
101 5189 Gaston Street,"$699,900",Collingwood,Vancouver,49.236997,-123.030296,2 bd,2,Apt/Condo
200 2033 W 7th Avenue,"$599,000",Kitsilano,Vancouver,49.265839,-123.151582,1 bd,1,Apt/Condo
973 Mainland Street,"$2,198,000",Yaletown,Vancouver,49.277571,-123.118543,3 bd,3,Townhouse
1233 933 Hornby Street,"$679,000",Downtown West,Vancouver,49.281533,-123.12422,1 bd,1,Apt/Condo
1508 W 61st Avenue,"$1,250,000",South Granville,Vancouver,49.214369,-123.075481,3 bd,3,Townhouse
1516 W 61st Avenue,"$1,250,000",South Granville,Vancouver,49.216157,-123.141098,3 bd,3,Townhouse
6210 Larch Street,"$4,199,000",Kerrisdale,Vancouver,49.230031,-123.16252,6 bd,7,House
46 W King Edward Avenue,"$1,699,900",Cambie,Vancouver,49.24855,-123.106148,3 bd,3,Townhouse
33 1425 Lamey's Mill Road,"$599,900",False Creek,Vancouver,49.268443,-123.135844,1 bd,1,Apt/Condo
704 1000 Beach Avenue,"$1,498,000",Yaletown,Vancouver,49.275624,-123.134213,2 bd,2,Apt/Condo
4907 Walden Street,"$1,899,000",Main,Vancouver,49.240342,-123.100534,3 bd,2,House
201 874 W 6th Avenue,"$950,000",Fairview,Vancouver,49.265695,-123.123456,2 bd,2,Apt/Condo
1128 E Pender Street,"$1,175,000",Strathcona,Vancouver,49.280291,-123.080584,2 bd,2,Duplex
205 1330 Hornby Street,"$599,999",Downtown West,Vancouver,49.276772,-123.130194,1 bd,1,Apt/Condo
104 1933 W 5th Avenue,"$699,000",Kitsilano,Vancouver,49.267493,-123.148843,1 bd,1,Apt/Condo
2501 7433 Cambie Street,"$768,900",South Cambie,Vancouver,49.217389,-123.117849,1 bd,1,Apt/Condo
18 6788 Oak Street,"$1,979,000",South Cambie,Vancouver,50.57918,-126.921088,3 bd,3,Townhouse
1371 E 63rd Avenue,"$1,888,000",South Vancouver,Vancouver,49.212623,-123.078173,5 bd,4,Duplex
1101 433 SW Marine Drive,"$890,000",Marpole,Vancouver,49.203785,-123.13158,2 bd,2,Apt/Condo
1136 E 26th Avenue,"$1,548,000",Knight,Vancouver,49.247468,-123.081513,2 bd,3,Duplex
108 7520 Columbia Street,"$818,000",Marpole,Vancouver,49.216088,-123.111695,2 bd,2,Apt/Condo
2 2444 Napier Street,"$1,649,000",Renfrew,Vancouver,49.27472,-123.055579,3 bd,3,Duplex
455 1483 E King Edward Avenue,"$618,000",Knight,Vancouver,49.248458,-123.09522,1 bd,1,Apt/Condo
305 222 E 30th Avenue,"$699,000",Main,Vancouver,49.24304,-123.100965,1 bd,1,Apt/Condo
3504 1288 West Georgia,"$1,699,000",West End,Vancouver,49.278491,-123.028053,2 bd,2,Apt/Condo
420 3563 Ross Drive,"$1,120,000",University (Ubc),Vancouver,49.228977,-122.88673,2 bd,2,Apt/Condo
3529 W 34th Avenue,"$4,950,000",Dunbar,Vancouver,49.24167,-123.183031,5 bd,5,House
3707 Hudson Street,"$7,980,000",Shaughnessy,Vancouver,49.252101,-123.134899,5 bd,4,House
202 8680 Fremlin Street,"$455,000",Marpole,Vancouver,49.207229,-123.1273,1 bd,1,Apt/Condo
502 1616 W 13th Avenue,"$888,800",Fairview,Vancouver,49.259605,-123.141727,2 bd,2,Apt/Condo
1000 499 Pacific Street,"$7,498,000",Yaletown,Vancouver,49.273876,-123.126998,3 bd,5,Apt/Condo
5470 Clarendon Street,"$1,788,800",Collingwood,Vancouver,49.23501,-123.055135,5 bd,4,Duplex
3902 1033 Marinaside Crescent,"$2,375,000",Yaletown,Vancouver,49.273637,-123.116652,2 bd,2,Apt/Condo
1332 W 47th Avenue,"$5,990,000",South Granville,Vancouver,49.228392,-123.135827,5 bd,7,House
604 1315 Cardero Street,"$1,198,000",West End,Vancouver,49.284113,-123.140719,1 bd,2,Apt/Condo
2001 198 Aquarius Mews,"$839,000",Yaletown,Vancouver,49.273824,-123.119616,1 bd,1,Apt/Condo
108 8622 Selkirk Street,"$429,000",Marpole,Vancouver,49.208143,-123.132918,1 bd,1,Apt/Condo
301 4375 W 10th Avenue,"$799,000",Point Grey,Vancouver,49.264023,-123.205245,1 bd,1,Apt/Condo
1603 939 Expo Boulevard,"$650,000",Yaletown,Vancouver,49.277722,-123.110809,1 bd,1,Apt/Condo
563 W 26th Avenue,"$2,133,900",Cambie,Vancouver,49.248237,-123.117478,3 bd,3,Townhouse
3003 8131 Nunavut Lane,"$598,800",Marpole,Vancouver,49.211335,-123.116532,1 bd,1,Apt/Condo
908 189 Keefer Street,"$869,900",Downtown East,Vancouver,49.279725,-123.100172,2 bd,2,Apt/Condo
102 1450 E 7 Avenue,"$699,900",Grandview East,Vancouver,49.263943,-123.07432,2 bd,1,Apt/Condo
2353 Kingsway,"$2,999,999",Collingwood,Vancouver,49.241523,-123.056622,4 bd,2,House
2375 Kingsway,"$2,999,999",Collingwood,Vancouver,49.241365,-123.056284,6 bd,4,House
2335 Kingsway,"$2,999,999",Collingwood,Vancouver,49.24168,-123.056956,4 bd,2,House
2361 Kingsway,"$2,999,999",Collingwood,Vancouver,49.241469,-123.056502,6 bd,4,House
104 2333 Eton Street,"$734,900",Hastings,Vancouver,49.287763,-123.057246,2 bd,1,Apt/Condo
3601 1438 Richards Street,"$3,888,000",Yaletown,Vancouver,49.273201,-123.12775,3 bd,3,Apt/Condo
210 2408 Grant Street,"$599,000",Renfrew,Vancouver,49.271044,-123.056147,1 bd,1,Apt/Condo
3303 Venables Street,"$2,098,000",Renfrew,Vancouver,49.276859,-123.033177,5 bd,3,House
202 983 E Hastings Street,"$669,000",Strathcona,Vancouver,49.282178,-123.110244,2 bd,1,Apt/Condo
2304 183 Keefer Place,"$1,295,000",Downtown West,Vancouver,54.505508,-128.585845,3 bd,2,Apt/Condo
756 W 26th Avenue,"$1,698,000",Cambie,Vancouver,49.247789,-123.121506,2 bd,4,Townhouse
2 2138 W 48th Avenue,"$2,498,000",Kerrisdale,Vancouver,49.227865,-123.157185,3 bd,2,Duplex
409 210 E 5th Avenue,"$1,399,000",Mount Pleasant East,Vancouver,49.266061,-123.100355,2 bd,2,Apt/Condo
301 1771 Nelson Street,"$824,900",West End,Vancouver,49.289313,-123.137977,2 bd,2,Apt/Condo
202 1771 Nelson Street,"$834,900",West End,Vancouver,49.289313,-123.137977,2 bd,2,Apt/Condo
501 1255 Main Street,"$1,098,000",Downtown East,Vancouver,49.273589,-123.100527,2 bd,2,Apt/Condo
2 1019 E 39th Avenue,"$1,739,000",Fraser East,Vancouver,49.234971,-123.084294,3 bd,2,Duplex
Ph2 950 Bidwell Street,"$1,249,000",West End,Vancouver,49.288731,-123.136078,2 bd,2,Apt/Condo
87 E Cordova Street,"$1,188,000",Downtown East,Vancouver,49.282073,-123.102643,1 bd,1,Apt/Condo
2801 535 Smithe Street,"$1,249,888",Downtown West,Vancouver,49.279553,-123.119352,2 bd,1,Apt/Condo
3315 Knight Street,"$1,298,000",Knight,Vancouver,49.255054,-123.076285,3 bd,2,House
203 3368 Main Street,"$1,049,000",Main,Vancouver,49.255195,-123.100884,3 bd,2,Townhouse
411 298 E 11th Avenue,"$709,000",Mount Pleasant East,Vancouver,49.260833,-123.098885,1 bd,1,Apt/Condo
305 188 E 32nd Avenue,"$739,000",Main,Vancouver,49.2418,-123.10183,1 bd,1,Apt/Condo
460 E 5th Avenue,"$1,499,000",Mount Pleasant East,Vancouver,49.265884,-123.093391,3 bd,3,Townhouse
1501 845 Chilco Street,"$3,850,000",West End,Vancouver,49.292989,-123.139433,4 bd,3,Apt/Condo
803 983 E Hastings Street,"$599,900",Strathcona,Vancouver,49.281393,-123.08681,1 bd,1,Apt/Condo
4178 Slocan Street,"$1,398,000",Renfrew Heights,Vancouver,49.24732,-123.049193,3 bd,4,Duplex
636 E 51st Avenue,"$2,698,000",South Vancouver,Vancouver,49.223331,-123.092014,8 bd,4,House
104 5089 Quebec Street,"$1,399,800",Main,Vancouver,49.239403,-123.103206,3 bd,2,Apt/Condo
1504 1775 Quebec Street,"$699,000",Mount Pleasant East,Vancouver,49.269514,-123.103314,1 bd,1,Apt/Condo
311 1975 Pendrell Street,"$679,000",West End,Vancouver,49.289836,-123.143061,1 bd,1,Apt/Condo
1206 E 22nd Avenue,"$1,499,000",Knight,Vancouver,49.250588,-123.079709,5 bd,4,Multifamily
404 E 46th Avenue,"$1,598,800",Fraser East,Vancouver,49.228115,-123.097251,3 bd,1,House
604 55 Alexander Street,"$569,000",Downtown East,Vancouver,49.283791,-123.102967,1 bd,1,Apt/Condo
2689 Brightwood Place,"$2,650,000",Fraserview East,Vancouver,49.21552,-123.053135,3 bd,2,House
920 W 49th Avenue,"$1,699,900",South Cambie,Vancouver,49.226201,-123.127287,3 bd,3,Townhouse
408 3451 Sawmill Crescent,"$768,800",South Marine,Vancouver,49.205837,-123.028152,2 bd,2,Apt/Condo
405 288 E 8th Avenue,"$879,000",Mount Pleasant East,Vancouver,49.263313,-123.09931,2 bd,1,Apt/Condo
101 830 E 7th Avenue,"$499,900",Mount Pleasant East,Vancouver,49.26404,-123.086412,1 bd,1,Apt/Condo
602 5629 Birney Avenue,"$869,000",University (Ubc),Vancouver,49.253734,-123.234634,1 bd,1,Apt/Condo
303 2450 Cornwall Avenue,"$619,000",Kitsilano,Vancouver,49.272411,-123.161207,1 bd,1,Apt/Condo
309 285 E 10th Avenue,"$649,800",Mount Pleasant East,Vancouver,49.262275,-123.099907,1 bd,1,Apt/Condo
201 1147 Nelson Street,"$899,800",West End,Vancouver,49.283404,-123.128962,2 bd,2,Apt/Condo
3007 W 32nd Avenue,"$3,738,000",Mackenzie Heights,Vancouver,49.243534,-123.173232,5 bd,5,House
1479 E King Edward Avenue,"$1,199,000",Knight,Vancouver,49.248251,-123.073835,2 bd,3,Townhouse
101 710 E 6th Avenue,"$649,000",Mount Pleasant East,Vancouver,49.264962,-123.088729,1 bd,1,Apt/Condo
2901 1483 Homer Street,"$1,699,000",Yaletown,Vancouver,49.272027,-123.126813,2 bd,2,Apt/Condo
2043 W 45th Avenue,"$2,088,000",Kerrisdale,Vancouver,49.231092,-123.153254,3 bd,2,House
1107 822 Homer Street,"$825,000",Downtown West,Vancouver,49.279045,-123.116954,2 bd,2,Apt/Condo
3256 E Georgia Street,"$1,425,000",Renfrew,Vancouver,49.278011,-123.034836,2 bd,2,House
3205 Carolina Street,"$1,699,000",Fraser East,Vancouver,49.2562,-123.092081,3 bd,3,Duplex
1 1456 W 45th Avenue,"$2,195,000",South Granville,Vancouver,49.230317,-123.138647,4 bd,4,Townhouse
2703 667 Howe Street,"$999,990",Downtown West,Vancouver,49.283705,-123.119032,1 bd,1,Apt/Condo
801 1236 Bidwell Street,"$2,475,000",West End,Vancouver,49.285534,-123.140717,2 bd,2,Apt/Condo
B 3538 W 14th Avenue,"$2,498,000",Kitsilano,Vancouver,49.259539,-123.183064,3 bd,4,Duplex
1309 3430 E Kent Avenue South,"$998,000",South Marine,Vancouver,49.204897,-123.033371,2 bd,2,Apt/Condo
631 Victoria Drive,"$1,499,999",Hastings,Vancouver,49.278882,-123.065141,3 bd,3,Townhouse
1906 888 Hamilton Street,"$1,199,000",Downtown West,Vancouver,49.278011,-123.116673,2 bd,2,Apt/Condo
1116 610 Granville Street,"$668,500",Downtown West,Vancouver,49.283215,-123.116534,1 bd,1,Apt/Condo
2038 E 1st Avenue,"$1,699,000",Grandview East,Vancouver,49.26929,-123.062928,4 bd,4,Duplex
3728 Heather Street,"$3,728,000",Cambie,Vancouver,49.252237,-123.119876,6 bd,4,House
4951 Rupert Street,"$3,499,900",Collingwood,Vancouver,49.239893,-123.038926,5 bd,2,House
4939 Rupert Street,"$1,995,900",Collingwood,Vancouver,49.239988,-123.038859,4 bd,2,House
198 E 44th Avenue,"$1,250,000",Main,Vancouver,49.230136,-123.1019,3 bd,3,Duplex
205 5683 Hampton Place,"$699,999",University (Ubc),Vancouver,49.184072,-122.945818,1 bd,1,Apt/Condo
2171 Maple Street,"$3,098,000",Kitsilano,Vancouver,49.266651,-123.150738,5 bd,4,Townhouse
310 5681 Birney Avenue,"$898,000",University (Ubc),Vancouver,49.253734,-123.234634,1 bd,1,Apt/Condo
103 2256 W 7th Avenue,"$729,000",Kitsilano,Vancouver,49.265371,-123.156541,1 bd,1,Apt/Condo
4509 1289 Hornby Street,"$1,089,000",Downtown West,Vancouver,49.277708,-123.129641,1 bd,1,Apt/Condo
7789 Birch Street,"$3,299,800",Marpole,Vancouver,49.215209,-123.136627,7 bd,7,House
3186 Grant Street,"$1,828,000",Renfrew,Vancouver,49.271081,-123.036832,4 bd,4,Duplex
505 833 Homer Street,"$1,498,000",Downtown West,Vancouver,49.279404,-123.117734,2 bd,2,Apt/Condo
2798 Yale Street,"$3,450,000",Hastings Sunrise,Vancouver,49.29041,-123.047025,6 bd,4,House
2528 Napier Street,"$1,749,000",Renfrew,Vancouver,49.274736,-123.053896,5 bd,2,House
303 3220 W 4th Avenue,"$1,099,000",Kitsilano,Vancouver,49.268211,-123.176302,2 bd,2,Apt/Condo
809 1333 W Georgia Street,"$989,900",Coal Harbour,Vancouver,49.28899,-123.127532,2 bd,2,Apt/Condo
204 975 E Broadway,"$499,000",Mount Pleasant East,Vancouver,49.262724,-123.083955,1 bd,1,Apt/Condo
206 5788 Vine Street,"$718,000",Kerrisdale,Vancouver,49.233908,-123.159569,2 bd,1,Apt/Condo
304 7428 Alberta Street,"$1,498,000",South Cambie,Vancouver,49.217347,-123.112657,2 bd,2,Apt/Condo
702 1534 Harwood Street,"$327,000",West End,Vancouver,49.283224,-123.1405,1 bd,1,Apt/Condo
103 7638 Cambie Street,"$1,249,000",Marpole,Vancouver,49.215572,-123.116344,3 bd,2,Apt/Condo
2502 8131 Nunavut Lane,"$868,000",Marpole,Vancouver,49.211335,-123.116532,2 bd,2,Apt/Condo
207 1210 W 8th Avenue,"$638,000",Fairview,Vancouver,49.264145,-123.132201,1 bd,1,Apt/Condo
1718 W 61st Avenue,"$5,998,000",South Granville,Vancouver,49.215709,-123.146443,6 bd,7,House
14 Sennok Crescent,"$1,499,000",University (Ubc),Vancouver,49.235706,-123.204562,4 bd,4,House
612 7228 Adera Street,"$1,268,000",South Granville,Vancouver,49.220721,-123.143419,2 bd,2,Apt/Condo
3405 1283 Howe Street,"$689,000",Downtown West,Vancouver,49.277218,-123.128625,1 bd,1,Apt/Condo
2355 E 54th Avenue,"$3,499,000",Killarney,Vancouver,49.22056,-123.058468,8 bd,6,House
2109 1111 Alberni Street,"$1,949,000",West End,Vancouver,49.285963,-123.124175,2 bd,2,Apt/Condo
411 2020 SE Kent Avenue,"$925,000",South Marine,Vancouver,49.206558,-123.065143,2 bd,2,Apt/Condo
2688 West Mall Road 1003,"$1,188,000",Hastings Sunrise,Vancouver,49.260465,-123.252229,2 bd,2,Apt/Condo
1735 W 16 Avenue,"$2,388,000",Fairview,Vancouver,49.25741,-123.144543,2 bd,3,Duplex
156 W 62nd Avenue,"$1,999,999",Marpole,Vancouver,49.213981,-123.109152,5 bd,3,House
2850 Mackenzie Street,"$2,298,000",Kitsilano,Vancouver,49.260838,-123.169951,3 bd,4,Duplex
1 1826 E 2nd Avenue,"$1,849,999",Grandview East,Vancouver,49.268416,-123.067089,4 bd,4,Duplex
1701 1708 Ontario Street,"$1,788,000",False Creek,Vancouver,49.269924,-123.104139,2 bd,2,Apt/Condo
403 2055 Yukon Street,"$629,000",False Creek,Vancouver,49.267088,-123.113233,1 bd,1,Apt/Condo
504 36 Water Street,"$889,900",Downtown West,Vancouver,49.283372,-123.10525,1 bd,1,Apt/Condo
2002 928 Richards Street,"$549,000",Yaletown,Vancouver,49.278357,-123.119901,1 bd,1,Apt/Condo
225 5555 Victoria Drive,"$699,000",Victoria East,Vancouver,49.234005,-123.065906,2 bd,2,Apt/Condo
105 2250 SE Marine Drive,"$685,500",South Marine,Vancouver,49.20747,-123.060625,3 bd,2,Apt/Condo
319 3438 Sawmill Crescent,"$599,800",South Marine,Vancouver,49.205784,-123.032766,1 bd,1,Apt/Condo
408 480 16th Avenue,"$963,900",Fraser East,Vancouver,49.257139,-123.114427,1 bd,1,Apt/Condo
950 W 17th Avenue,"$2,898,000",Cambie,Vancouver,49.255966,-123.126198,0 bd,,Land/Lot
2903 583 Beach Crescent,"$2,098,000",Yaletown,Vancouver,49.273589,-123.129221,2 bd,2,Apt/Condo
1101 1777 Bayshore Drive,"$2,899,900",Coal Harbour,Vancouver,49.292046,-123.13078,3 bd,3,Apt/Condo
1986 E 8th Avenue,"$1,998,800",Grandview East,Vancouver,49.26297,-123.064292,3 bd,2,House
103 1040 E Broadway Avenue,"$499,900",Mount Pleasant East,Vancouver,49.262105,-123.08251,1 bd,1,Apt/Condo
688 W 29th Avenue,"$4,990,000",Cambie,Vancouver,49.244967,-123.120027,5 bd,4,House
106 3731 W 6th Avenue,"$585,800",Point Grey,Vancouver,49.26716,-123.18637,1 bd,1,Apt/Condo
209 231 E Pender Street,"$478,000",Strathcona,Vancouver,49.280617,-123.098724,1 bd,1,Apt/Condo
503 1495 Richards Street,"$1,299,000",Yaletown,Vancouver,49.283281,-123.113486,2 bd,2,Apt/Condo
202 477 W 59th Avenue,"$1,350,000",South Cambie,Vancouver,49.217183,-123.115644,3 bd,2,Apt/Condo
3132 Maple Street,"$1,995,000",Kitsilano,Vancouver,49.257641,-123.15101,2 bd,3,Townhouse
3188 Grant Street,"$1,868,000",Renfrew,Vancouver,49.271081,-123.036832,4 bd,4,Duplex
2701 1372 Seymour Street,"$1,688,000",Downtown West,Vancouver,49.27459,-123.127563,2 bd,2,Apt/Condo
213 1545 E 2nd Avenue,"$549,000",Grandview East,Vancouver,49.268967,-123.072733,1 bd,1,Apt/Condo
315 4990 Mcgeer Street,"$515,000",Collingwood,Vancouver,49.239521,-123.032816,1 bd,1,Apt/Condo
2326 Windsor Street,"$1,399,000",Mount Pleasant East,Vancouver,49.264013,-123.083002,3 bd,3,Townhouse
1108 66 W Cordova Street,"$539,000",Downtown West,Vancouver,49.282561,-123.106278,1 bd,1,Apt/Condo
8258 Tugboat Place,"$2,998,000",Southlands,Vancouver,49.210799,-123.153303,4 bd,4,House
2303 1188 Howe Street,"$798,000",Downtown West,Vancouver,49.281089,-123.122333,2 bd,2,Apt/Condo
2795 W 37th Avenue,"$5,750,000",,Vancouver,49.238765,-123.167839,5 bd,7,House
501 433 SW Marine Drive,"$918,000",Marpole,Vancouver,49.211322,-123.094523,2 bd,2,Apt/Condo
509 2105 W 46th Avenue,"$2,338,900",Kerrisdale,Vancouver,49.230383,-123.156123,2 bd,2,Apt/Condo
508 2105 W 46th Avenue,"$1,899,000",Kerrisdale,Vancouver,49.230383,-123.156123,2 bd,2,Apt/Condo
Ph3 1790 Bayshore Drive,"$5,499,800",Coal Harbour,Vancouver,49.292365,-123.132616,3 bd,4,Apt/Condo
216 455 E 16th Avenue,"$1,449,900",Mount Pleasant East,Vancouver,49.256334,-123.100145,3 bd,2,Townhouse
1005 1003 Burnaby Street,"$485,000",West End,Vancouver,49.278791,-123.130299,1 bd,1,Apt/Condo
3576 E Georgia Street,"$2,198,000",Renfrew,Vancouver,49.278003,-123.026556,6 bd,4,House
3822 W 2nd Avenue,"$4,998,000",Point Grey,Vancouver,49.270197,-123.188209,5 bd,4,House
Tha 1199 Marinaside Crescent,"$2,398,000",Yaletown,Vancouver,49.273129,-123.120638,3 bd,3,Townhouse
2984 W 31st Avenue,"$4,199,800",Mackenzie Heights,Vancouver,49.243942,-123.172383,9 bd,8,House
2731 Sophia Street,"$949,000",Mount Pleasant East,Vancouver,49.260314,-123.097529,2 bd,1,Townhouse
