Street,City,Province,Zip,Latitude,Longitude,Price,Bedrooms,Bathrooms,Square Footage
1787 Saint Clair Ave W #414, Toronto,ON,M6N1H9,43.673553,-79.461868,"C$525,000",2 bds,1 ba,
509 Beecroft Rd #1209, Toronto,ON,M2N0A3,43.778652,-79.417947,"C$848,000",3 bds,2 ba,
472 Crawford St, Toronto,ON,M6G3J8,43.656967,-79.42006,C$1,5 bds,3 ba,
186 Macpherson Ave, Toronto,ON,M5R1W8,43.677945,-79.396728,"C$2,218,000",3 bds,3 ba,
195 McCaul St #909, Toronto,ON,M5T0E5,43.6567,-79.392206,"C$449,900",Studio,1 ba,
30 Roehampton Ave UNIT 1902, Toronto,ON,M4P0B9,43.708432,-79.397532,"C$630,000",2 bds,2 ba,
84 Old Forest Hill Rd, Toronto,ON,M5P2R5,43.698984,-79.418189,"C$16,950,000",7 bds,8 ba,
625 Queen St E #607, Toronto,ON,M4M1G7,43.658001,-79.352987,"C$769,900",2 bds,1 ba,
320 Dixon Rd #506, Toronto,ON,M9R1S8,43.696822,-79.552528,"C$399,900",2 bds,1 ba,
45 Manning Ave, Toronto,ON,M6J2K3,43.647598,-79.408882,"C$999,999",3 bds,1 ba,
41 Pinto Dr, Toronto,ON,M2J3T9,43.791871,-79.339242,"C$1,149,000",6 bds,3 ba,"1,855 sqft"
3 Chilcot Ave, Toronto,ON,M9W1T9,43.713267,-79.551602,"C$798,000",4 bds,2 ba,
2 Sonic Way #1708, Toronto,ON,M3C0P2,43.719497,-79.336408,"C$499,000",1 bd,1 ba,
53 Hazelton Ave, Toronto,ON,M5R2E3,43.672448,-79.393529,"C$6,880,000",3 bds,4 ba,
80 John St #3201, Toronto,ON,M5V3X4,43.646874,-79.390188,"C$1,550,000",2 bds,2 ba,
7 Carlton St #704, Toronto,ON,M5B2M3,43.661094,-79.38259,"C$628,888",1 bd,1 ba,670 sqft
37 Pringdale Gardens Cir, Toronto,ON,M1J0B1,43.742145,-79.24373,"C$899,900",5 bds,4 ba,
10 Ed Clark Gdns #14, Toronto,ON,M6N3A9,43.674272,-79.46257,"C$949,900",3 bds,2 ba,"1,231 sqft"
12 Waring Ct, Toronto,ON,M2N4G7,43.776906,-79.401025,"C$3,998,800",5 bds,7 ba,
60 Colborne St #1608, Toronto,ON,M5E0B7,43.649288,-79.374406,"C$475,000",1 bd,1 ba,
185 Roehampton Ave #2907, Toronto,ON,M4P0C6,43.708956,-79.392982,"C$550,000",1 bd,1 ba,
1 Sudbury St #101, Toronto,ON,M6J3W6,43.641055,-79.417998,"C$679,000",2 bds,1 ba,
51 Harrison Garden Blvd #707, Toronto,ON,M2N7G4,43.756666,-79.407784,"C$498,800",2 bds,2 ba,
36 Lisgar St #1010, Toronto,ON,M6J0C7,43.641739,-79.423316,"C$499,900",2 bds,2 ba,
5765 Yonge St #1204, Toronto,ON,M2M4H9,43.783102,-79.415166,"C$598,800",3 bds,2 ba,
41 Dearham Wood, Toronto,ON,M1E1S2,43.752788,-79.189511,"C$1,106,600",4 bds,2 ba,
17 Bathurst St #4205, Toronto,ON,M5V0N1,43.637435,-79.398908,"C$619,995",1 bd,1 ba,
25 Finchley Rd, Toronto,ON,M9A2X4,43.657715,-79.526342,"C$3,450,000",4 bds,4 ba,
665 Queen St E #412, Toronto,ON,M4M1G6,43.658361,-79.351159,"C$849,900",2 bds,2 ba,
3865 Lake Shore Blvd W #217, Toronto,ON,M8W0A2,43.589859,-79.545165,"C$650,000",2 bds,2 ba,
270 Queens Quay W #805, Toronto,ON,M5V3J2,43.639173,-79.386389,"C$685,900",3 bds,1 ba,
20 Amesbury Dr, Toronto,ON,M6M4H4,43.701261,-79.481426,"C$1,099,000",3 bds,2 ba,
160 The Donway W #403, Toronto,ON,M3C2G1,43.73383,-79.34844,"C$424,900",2 bds,1 ba,
30 Western Battery Rd #316, Toronto,ON,M6K3N9,43.639688,-79.412489,"C$549,900",1 bd,1 ba,
56 Grierson Rd, Toronto,ON,M9W3R3,43.715143,-79.545919,"C$799,000",3 bds,2 ba,
41 Markbrook Ln #614, Toronto,ON,M9V5E6,43.75828,-79.58639,"C$554,999",1 bd,2 ba,776 sqft
600 Fleet St #717, Toronto,ON,M5V1B7,43.636698,-79.400078,"C$748,800",2 bds,2 ba,
170 Bayview Ave #711, Toronto,ON,M5A0M4,43.655305,-79.35375,"C$625,000",1 bd,1 ba,
11 Wellesley St W #612, Toronto,ON,M4Y0G4,43.664526,-79.385583,"C$699,000",2 bds,1 ba,
295 Downsview Park Blvd, Toronto,ON,M3K0B6,43.73797,-79.476415,"C$995,000",5 bds,4 ba,
333 Adelaide St E #410, Toronto,ON,M5A4T4,43.651843,-79.369052,"C$599,000",1 bd,1 ba,
62 Schell Ave, Toronto,ON,M6E2S9,43.698338,-79.45509,"C$1,299,900",4 bds,3 ba,
64 Glengowan Rd, Toronto,ON,M4N1G4,43.721159,-79.392357,"C$9,950,000",6 bds,6 ba,
501 Adelaide St W #1108, Toronto,ON,M5V0R3,43.645422,-79.401295,"C$629,000",1 bd,1 ba,
260 Queens Quay W #1304, Toronto,ON,M5J2N3,43.63928,-79.385715,"C$629,000",1 bd,1 ba,
70 Annie Craig Dr #4802, Toronto,ON,M8V0G2,43.624739,-79.478962,"C$769,800",2 bds,2 ba,
801 King St W #325, Toronto,ON,M5V3C9,43.642734,-79.40707,"C$499,000",2 bds,1 ba,
43 Millburn Dr, Toronto,ON,M9B2W8,43.663271,-79.56261,"C$2,699,000",7 bds,5 ba,
32 Lyme Regis Cres, Toronto,ON,M1M1E4,43.718741,-79.228161,"C$3,350,000",5 bds,5 ba,
278 Dawlish Ave, Toronto,ON,M4N1J5,43.724134,-79.383185,"C$4,395,000",5 bds,5 ba,
52 Amiens Rd, Toronto,ON,M1E3S8,43.776204,-79.188186,"C$1,299,000",4 bds,2 ba,
120 Harrison Garden Blvd #2003, Toronto,ON,M2N,43.757733,-79.403149,"C$788,000",2 bds,2 ba,
21 Grand Magazine St #1907, Toronto,ON,M5V1B5,43.636466,-79.402056,"C$799,900",2 bds,2 ba,
215 Fort York Blvd #301, Toronto,ON,M5V4A2,43.636466,-79.404588,"C$599,900",2 bds,1 ba,
11 Beaumont Rd, Toronto,ON,M4W1V4,43.679924,-79.371459,"C$19,995,000",4 bds,4 ba,
5 Dewbourne Ave, Toronto,ON,M5P1Z1,43.699375,-79.420442,"C$14,850,000",6 bds,6 ba,
542 Delaware Ave N, Toronto,ON,M6H2V2,43.672077,-79.432791,"C$1,199,000",4 bds,2 ba,
16 Yonge St SUITE 4006, Toronto,ON,M5E2A3,43.64325,-79.3764,"C$1,649,999",3 bds,2 ba,"1,266 sqft"
185 Roehampton Ave #3201, Toronto,ON,M4P0C6,43.708956,-79.392982,"C$759,000",2 bds,2 ba,
3845 Lake Shore Blvd W UNIT 1601, Toronto,ON,M8W4Y3,43.590672,-79.544208,"C$750,000",3 bds,2 ba,
50 Lombard St #1903, Toronto,ON,M5C2X4,43.651856,-79.376003,"C$549,000",1 bd,1 ba,
455 Wellington St W #509, Toronto,ON,M5V0V8,43.643152,-79.397171,"C$2,250,000",3 bds,3 ba,
87 Peter St UNIT 2915, Toronto,ON,M5V2G4,43.646776,-79.392435,"C$595,000",1 bd,1 ba,
408 Browns Line E #308, Toronto,ON,M8W0C3,43.601488,-79.54545,"C$508,000",1 bd,1 ba,
40 Homewood Ave #2803, Toronto,ON,M4Y2K2,43.664229,-79.375535,"C$465,000",1 bd,1 ba,
1150 Briar Hill Ave #306, Toronto,ON,M6B0A9,43.703091,-79.452004,"C$599,000",3 bds,2 ba,
369 Albany Ave #5, Toronto,ON,M5R3E2,43.676334,-79.414275,"C$889,000",2 bds,1 ba,
38 Joe Shuster Way #106, Toronto,ON,M6K0A5,43.640417,-79.424649,"C$619,900",2 bds,1 ba,
1926 Lake Shore Blvd W #1805, Toronto,ON,M6S1A1,43.635856,-79.467386,"C$766,900",2 bds,2 ba,
60 Town Centre Ct #306, Toronto,ON,M1P0B1,43.7734,-79.255862,"C$448,800",1 bd,1 ba,
190 Borough Dr #302, Toronto,ON,M1P0B6,43.772874,-79.253995,"C$759,900",3 bds,2 ba,
1400 Kingston Rd #501, Toronto,ON,M1N0C2,43.686959,-79.272431,"C$679,000",2 bds,2 ba,
102 George Henry Blvd #15, Toronto,ON,M2J1E7,43.77432,-79.348116,"C$499,999",3 bds,2 ba,
9 Valhalla Inn Rd #501, Toronto,ON,M9B0B2,43.639837,-79.559418,"C$549,000",2 bds,1 ba,
31 Twyford Rd, Toronto,ON,M9A1W3,43.665533,-79.539719,"C$6,285,000",5 bds,7 ba,
861 Sheppard Ave W #15, Toronto,ON,M3H2T5,43.752102,-79.453675,"C$888,000",2 bds,2 ba,
125 Western Battery Rd #2207, Toronto,ON,M6K3R8,43.639868,-79.416734,"C$895,000",3 bds,2 ba,
3220 Sheppard Ave E #318, Toronto,ON,M1T0B7,43.777968,-79.312305,"C$897,880",2 bds,2 ba,
1 Oregon Trl, Toronto,ON,M9B1P4,43.639976,-79.552582,"C$3,489,000",6 bds,6 ba,
111 Newton Dr, Toronto,ON,M2M2N2,43.794606,-79.410102,"C$2,268,000",7 bds,4 ba,
278 Bloor St E #905, Toronto,ON,M4W3M4,43.672265,-79.380454,"C$1,525,000",3 bds,2 ba,
30 Anglesey Blvd #G2, Toronto,ON,M9A3B5,43.663784,-79.522679,"C$1,075,000",2 bds,2 ba,
55 Stewart St UNIT 625, Toronto,ON,M5V2V1,43.643237,-79.401278,"C$625,000",1 bd,1 ba,
2191 Yonge St #1708, Toronto,ON,M4S3H8,43.705666,-79.39739,"C$888,000",3 bds,2 ba,
271 Park Home Ave, Toronto,ON,M2R1A1,43.764323,-79.434004,"C$1,499,000",4 bds,3 ba,
1 King St W #2402, Toronto,ON,M5H1A1,43.648987,-79.37807,"C$339,900",1 bd,1 ba,
34 Greengate Rd, Toronto,ON,M3B1E8,43.739958,-79.364228,"C$7,785,000",7 bds,7 ba,
10 Wilby Cres #1603, Toronto,ON,M9N0B6,43.697794,-79.512333,"C$859,000",3 bds,2 ba,
85 Drewry Ave, Toronto,ON,M2M1C9,43.78598,-79.421249,"C$2,745,000",2 bds,1 ba,
5 Whitehall Rd, Toronto,ON,M4W2C5,43.683971,-79.38242,"C$9,488,000",5 bds,8 ba,
66 Fontainbleau Dr, Toronto,ON,M2M1N9,43.793138,-79.432029,"C$999,800",6 bds,4 ba,
57 Saint Joseph St #523, Toronto,ON,M5S0C5,43.665388,-79.388021,"C$989,000",3 bds,2 ba,
365 Beech Ave #219, Toronto,ON,M4E0C2,43.680037,-79.29045,"C$999,900",2 bds,2 ba,
80 Palace Pier Ct #101, Toronto,ON,M8V4C1,43.630714,-79.474027,"C$999,000",2 bds,2 ba,
100 Harrison Garden Blvd #L02, Toronto,ON,M2N0C2,43.756982,-79.4044,"C$599,900",1 bd,1 ba,
70 Forest Manor Rd #3410, Toronto,ON,M2J0A9,43.689144,-79.404683,"C$885,000",2 bds,2 ba,
284 Ellis Ave, Toronto,ON,M6S2X2,43.645729,-79.472703,"C$4,250,000",6 bds,7 ba,
86 17th St, Toronto,ON,M8V3K4,43.602095,-79.517563,"C$999,999",4 bds,4 ba,
3 Dailing Gate, Toronto,ON,M1B1Z3,43.791382,-79.22969,"C$699,000",4 bds,3 ba,
120 Parliament St PENTHOUSE 2404, Toronto,ON,M5A0N6,43.653856,-79.363933,"C$1,069,000",3 bds,2 ba,
218 Pleasant Ave, Toronto,ON,M2M1M5,43.790667,-79.430102,"C$3,490,000",5 bds,7 ba,
210 Westmount Ave, Toronto,ON,M6E3M8,43.680554,-79.443098,"C$899,000",4 bds,3 ba,
11 Carisbrooke Sq, Toronto,ON,M1B4M2,43.81623,-79.214484,"C$1,325,000",6 bds,5 ba,
2335 1/2 Gerrard St E, Toronto,ON,M4E2E6,43.685302,-79.293178,"C$699,900",3 bds,2 ba,
160 Flemington Rd #512, Toronto,ON,M6A0A9,43.723077,-79.448251,"C$574,900",2 bds,2 ba,
39 Bushell Ave, Toronto,ON,M4M3B8,43.671322,-79.334877,"C$1,189,000",4 bds,2 ba,
133 Westminster Ave, Toronto,ON,M6R1N6,43.646774,-79.450533,"C$3,129,999",5 bds,5 ba,
11B Crawford St #11B, Toronto,ON,M6K3M3,43.640922,-79.413315,"C$999,900",3 bds,3 ba,
86 Sloping Sky Mews #TOWNHOUSE 6, Toronto,ON,M5V0B3,43.636887,-79.403026,"C$1,550,000",4 bds,3 ba,
993 Queen St W #223, Toronto,ON,M6J1H2,43.644646,-79.415649,"C$999,990",1 bd,1 ba,
32 Brookfield Rd, Toronto,ON,M2P1A9,43.741523,-79.400732,"C$5,749,000",4 bds,5 ba,
535 Brunswick Ave, Toronto,ON,M5R2Z6,43.673818,-79.410137,"C$1,729,000",6 bds,3 ba,
88 Anthony Rd, Toronto,ON,M3K1B4,43.729155,-79.466301,"C$1,198,800",3 bds,3 ba,
36 Park Lawn Rd #203, Toronto,ON,M8V0E5,43.623467,-79.484321,"C$1,299,999",2 bds,3 ba,
82 Greensides Ave, Toronto,ON,M6G3P7,43.679843,-79.429992,"C$1,399,000",6 bds,3 ba,
259 Claremont St, Toronto,ON,M6J2N1,43.652938,-79.412094,"C$1,299,900",5 bds,4 ba,
570 Wellington St W #13A, Toronto,ON,M5V2X5,43.642841,-79.403108,"C$1,300,000",3 bds,2 ba,
51 Lady Bank Rd #501, Toronto,ON,M8Z0C9,43.624575,-79.511602,"C$1,099,999",3 bds,1 ba,
8 The Esplanade #1908, Toronto,ON,M5E0A6,43.646227,-79.376346,"C$670,000",2 bds,1 ba,
58 Lytton Blvd, Toronto,ON,M4R1L3,43.71588,-79.403981,"C$3,995,000",7 bds,5 ba,
676 Richmond St W #106, Toronto,ON,M6J1C3,43.646269,-79.405919,"C$879,000",1 bd,1 ba,
80 North Dr, Toronto,ON,M9A4R2,43.678079,-79.501451,"C$8,500,000",3 bds,5 ba,
8 Eglinton Ave E #1910, Toronto,ON,M4P0C1,43.707141,-79.397703,"C$569,900",1 bd,1 ba,
2639 Lake Shore Blvd W, Toronto,ON,M8V1G5,43.603501,-79.492054,"C$5,600,000",7 bds,4 ba,
321 Concord Ave, Toronto,ON,M6H2P7,43.662575,-79.426988,"C$1,199,000",4 bds,2 ba,
11 Park Manor Dr, Toronto,ON,M9B5C1,43.650254,-79.557219,"C$1,699,900",4 bds,3 ba,
38 Dan Leckie Way #2209, Toronto,ON,M5V2V6,43.637492,-79.398104,"C$689,000",2 bds,1 ba,
65 Spring Garden Ave #1802, Toronto,ON,M2N6H9,43.764832,-79.409426,"C$1,498,000",2 bds,2 ba,
83 Anthony Rd, Toronto,ON,M3K1B5,43.72897,-79.465612,"C$2,400,000",4 bds,5 ba,
31 Russell Hill Rd, Toronto,ON,M4V2S9,43.681167,-79.402842,"C$11,500,000",7 bds,9 ba,
3 Pemberton Ave #2106, Toronto,ON,M2M4M1,43.780486,-79.413866,"C$559,000",1 bd,1 ba,
17 Regal Rd, Toronto,ON,M6H2J5,43.674962,-79.433701,"C$1,219,000",4 bds,2 ba,
60 Brian Harrison Way #302, Toronto,ON,M1P5J5,43.774024,-79.258007,"C$699,900",3 bds,2 ba,
399 Lake Promenade, Toronto,ON,M8W1C3,43.586922,-79.539539,"C$3,495,000",4 bds,3 ba,
141 Eastwood Ave, Toronto,ON,M1N3H4,43.694987,-79.269234,"C$799,900",3 bds,2 ba,
19 Western Battery Rd #1803, Toronto,ON,M6K3N9,43.63957,-79.411329,"C$659,900",2 bds,2 ba,
43 Rusholme Rd, Toronto,ON,M6J3H3,43.650755,-79.426961,"C$2,899,000",5 bds,4 ba,
6 Newmarket Ave, Toronto,ON,M4C1V7,43.689384,-79.307654,"C$999,000",2 bds,2 ba,
7 Ashley Park Rd, Toronto,ON,M9A4C9,43.662619,-79.516617,"C$9,495,000",7 bds,7 ba,
54 Judy Sgro Ave, Toronto,ON,M3L0E4,43.727778,-79.523194,"C$868,000",3 bds,3 ba,
50 Yorkville Ave #4403, Toronto,ON,M4W0A3,43.671667,-79.389667,"C$9,975,000",2 bds,3 ba,
100 Ardwold Gate, Toronto,ON,M5R2W2,43.680418,-79.409322,"C$11,288,000",5 bds,7 ba,
111 Knowles Dr, Toronto,ON,M1X1T4,43.825488,-79.213639,"C$1,179,000",4 bds,3 ba,
231 Falstaff Ave, Toronto,ON,M6L2G6,43.718179,-79.490279,"C$1,999,999",5 bds,5 ba,
50 Bruyeres Mews #718, Toronto,ON,M5V0H8,43.637658,-79.402351,"C$588,000",2 bds,1 ba,
48 Lockwood Rd, Toronto,ON,M4L3M8,43.669468,-79.310099,"C$1,529,000",4 bds,3 ba,
200 Manitoba St #210, Toronto,ON,M8Y3Y9,43.623676,-79.492078,"C$789,000",2 bds,2 ba,
1787 Saint Clair Ave W #917, Toronto,ON,M6N1H9,43.673553,-79.461868,"C$759,900",2 bds,2 ba,
84 Chad Cres, Toronto,ON,M1B2Z6,43.814889,-79.209796,"C$1,079,000",4 bds,3 ba,
176 Castlefield Ave, Toronto,ON,M4R1G7,43.710283,-79.40786,"C$1,719,000",4 bds,2 ba,
42 Fishleigh Dr, Toronto,ON,M1N1H2,43.700556,-79.248654,"C$2,699,900",6 bds,5 ba,
43 Florida Cres, Toronto,ON,M9M1P4,43.735016,-79.543367,"C$1,388,000",4 bds,3 ba,
34 Kippendavie Ave, Toronto,ON,M4L3R4,43.666604,-79.303104,"C$1,769,000",3 bds,2 ba,
203 Parkmount Rd, Toronto,ON,M4J4V5,43.682084,-79.32556,"C$799,000",4 bds,3 ba,
7 Doncaster Ave, Toronto,ON,M4C1Y4,43.690493,-79.308029,"C$1,389,000",3 bds,4 ba,
42 Charles St E #2810, Toronto,ON,M4Y0B7,43.669355,-79.384182,"C$649,000",1 bd,1 ba,
1659 Gerrard St E, Toronto,ON,M4L2A9,43.675632,-79.31876,C$1,8 bds,8 ba,
29 Tarsus Cres, Toronto,ON,M1C3W6,43.79372,-79.183513,"C$1,250,000",5 bds,4 ba,
101 Dunloe Rd, Toronto,ON,M5P2T7,43.696392,-79.413647,"C$13,990,000",5 bds,7 ba,
2 Bellefair Ave UNIT 306, Toronto,ON,M4L3T8,43.670263,-79.300053,"C$707,000",1 bd,1 ba,
225 Sumach St #2511, Toronto,ON,M5A0P8,43.661007,-79.360355,"C$749,900",2 bds,2 ba,
20 Edward St #1719, Toronto,ON,M5G0C5,43.657059,-79.382187,"C$579,000",1 bd,1 ba,
117 Omni Dr #15, Toronto,ON,M1P5A5,43.771256,-79.261225,"C$599,900",3 bds,3 ba,
8 Telegram Mews #622, Toronto,ON,M5V3Z5,43.640493,-79.394916,"C$499,000",2 bds,2 ba,
104 Albany Ave, Toronto,ON,M5R3C4,43.668716,-79.411569,"C$2,790,000",5 bds,4 ba,
4060 Lawrence Ave E #108, Toronto,ON,M1E4V4,43.766351,-79.197594,"C$483,900",3 bds,3 ba,
20 Blue Jays Way #1106, Toronto,ON,M5V3W6,43.643797,-79.391668,"C$850,000",3 bds,2 ba,
17 Zorra St #701, Toronto,ON,M8Z0C8,43.621292,-79.52083,"C$469,900",1 bd,1 ba,
897 Sheppard Ave W #202, Toronto,ON,M3H2T4,43.751649,-79.455201,"C$489,000",1 bd,1 ba,713 sqft
77 Charles St W #906, Toronto,ON,M5S0B2,43.667717,-79.390434,"C$2,999,000",2 bds,2 ba,
125 Alicewood Ct, Toronto,ON,M9V3Y1,43.730833,-79.596435,"C$899,999",4 bds,2 ba,940 sqft
300 Mill Rd #A31, Toronto,ON,M9C4W7,43.638084,-79.583984,"C$649,000",2 bds,2 ba,
40 Fern Ave, Toronto,ON,M6R1K1,43.646039,-79.441856,"C$1,799,000",4 bds,3 ba,
290 Adelaide St W #2405, Toronto,ON,M5V1N1,43.647816,-79.391122,"C$988,000",3 bds,2 ba,
78 Harrison Garden Blvd #2305, Toronto,ON,M2N7E2,43.756049,-79.407113,"C$978,000",3 bds,3 ba,
104 Natal Ave, Toronto,ON,M1N3V6,43.714075,-79.254723,"C$1,059,000",3 bds,2 ba,
214 Antibes Dr, Toronto,ON,M2R3H8,43.781975,-79.448556,"C$768,000",4 bds,3 ba,
503 Beecroft Rd #515, Toronto,ON,M2N0A2,43.778232,-79.417772,"C$648,800",2 bds,1 ba,
163 Brickworks Ln, Toronto,ON,M6N5H8,43.675475,-79.468816,"C$910,000",3 bds,4 ba,
56 Amiens Rd, Toronto,ON,M1E3S8,43.776434,-79.188258,"C$900,000",4 bds,2 ba,
50 Ordnance St #1703, Toronto,ON,M6K0C9,43.639789,-79.409842,"C$549,900",1 bd,1 ba,
140 Brookside Dr, Toronto,ON,M4E2M2,43.680619,-79.306407,"C$999,888",4 bds,3 ba,
130 River St #2806, Toronto,ON,M5A0R8,43.661484,-79.358579,"C$429,900",1 bd,2 ba,
2885 Bayview Ave UNIT 717, Toronto,ON,M2K0A3,43.768608,-79.388063,"C$689,000",2 bds,2 ba,
20 Gladstone Ave #417, Toronto,ON,M6J0E9,43.643481,-79.427721,"C$729,000",2 bds,2 ba,
570 Oriole Pkwy, Toronto,ON,M4R2C2,43.705679,-79.406974,"C$2,395,000",5 bds,4 ba,
23 Radwell Cres, Toronto,ON,M1V2J4,43.81922,-79.289585,"C$899,000",5 bds,4 ba,
1603 Eglinton Ave W #504, Toronto,ON,M6E0A1,43.697042,-79.443072,"C$768,000",3 bds,2 ba,
801 Midland Ave, Toronto,ON,M1K4E8,43.733573,-79.257355,C$1,4 bds,3 ba,
48 Gondola Cres, Toronto,ON,M1G2J3,43.767244,-79.209421,"C$899,000",4 bds,2 ba,
314 Rosemary Rd, Toronto,ON,M5P3E3,43.696839,-79.421627,"C$10,995,000",6 bds,9 ba,
18 Oaken Gtwy #18, North York,ON,M2P2A1,43.753729,-79.405545,"C$999,000",3 bds,2 ba,
88 Turtle Island Rd #5, Toronto,ON,M6A2M7,43.722474,-79.444115,"C$899,500",3 bds,3 ba,
2 Garden Cir, Toronto,ON,M4G2X8,43.694975,-79.375138,"C$2,150,000",4 bds,2 ba,
4978 Yonge St UNIT 1911, Toronto,ON,M2N7G8,43.76562,-79.412725,"C$529,900",1 bd,1 ba,
18 Earnbridge St, Toronto,ON,M6K1N3,43.643518,-79.432357,"C$1,999,999",4 bds,4 ba,"2,148 sqft"
73 Maclean Ave, Toronto,ON,M4E2Z8,43.670799,-79.290289,"C$2,349,000",5 bds,5 ba,
3 Biggar Ave, Toronto,ON,M6H2N5,43.678959,-79.433611,"C$1,795,000",5 bds,3 ba,
20 Fletcher Pl, Toronto,ON,M9R1K6,43.6912,-79.546078,"C$899,000",3 bds,2 ba,
20 Niagara St #PENTHOUSE 1, Toronto,ON,M5V3L8,43.642374,-79.400916,"C$6,298,800",2 bds,3 ba,"4,022 sqft"
474 Russell Hill Rd, Toronto,ON,M5P2S7,43.697789,-79.413426,"C$16,895,000",5 bds,6 ba,
1346 Danforth Rd #901, Toronto,ON,M1J0A9,43.743558,-79.244826,"C$475,000",2 bds,1 ba,
112 Laurel Ave, Toronto,ON,M1K3J9,43.72521,-79.258113,"C$829,900",4 bds,2 ba,
20 Joe Shuster Way #202, Toronto,ON,M6K0A3,43.640144,-79.423917,"C$399,000",1 bd,1 ba,
11 Kingsway Cres, Toronto,ON,M8X2P9,43.653748,-79.504572,"C$7,950,000",5 bds,7 ba,
270 Brighton Ave, Toronto,ON,M3H4E9,43.757593,-79.458141,"C$1,898,000",5 bds,3 ba,
38 S Kingslea Dr, Toronto,ON,M8Y2A4,43.641624,-79.496401,"C$5,000,000",5 bds,6 ba,
63 Ward St, Toronto,ON,M6H4A5,43.664115,-79.446402,"C$899,900",4 bds,2 ba,
816 Lansdowne Ave #1015, Toronto,ON,M6H4K6,43.665661,-79.447378,"C$580,000",1 bd,1 ba,
80 Chiswell Cres, Toronto,ON,M2N6E1,43.780901,-79.391894,"C$1,678,000",4 bds,4 ba,
6 Esterbrooke Ave #82, Toronto,ON,M2J2C2,43.779624,-79.352763,"C$579,000",2 bds,1 ba,
160 Howland Ave, Toronto,ON,M5R3B6,43.670989,-79.411014,"C$2,999,999",4 bds,4 ba,
58 Marine Parade Dr #1110, Toronto,ON,M8V4G1,43.627469,-79.477128,"C$1,110,000",3 bds,2 ba,"1,275 sqft"
223 Kennedy Rd, Toronto,ON,M1N3P4,43.706363,-79.257097,"C$699,900",4 bds,3 ba,
28A Wilberton Rd, Toronto,ON,M4V1Z3,43.694932,-79.401617,"C$3,848,000",5 bds,5 ba,
20 Stewart St #204, Toronto,ON,M5V1H6,43.643775,-79.400667,"C$595,900",1 bd,1 ba,
17 Maughan Cres, Toronto,ON,M4L3E4,43.670022,-79.316003,"C$1,749,000",3 bds,3 ba,
101 Clearbrooke Cir, Toronto,ON,M9W2E9,43.721799,-79.561522,"C$998,800",4 bds,3 ba,
85 The Bridle Path, Toronto,ON,M3C2P1,43.732687,-79.364782,"C$28,900,000",9 bds,11 ba,
85 Emmett Ave #1012, Toronto,ON,M6M5A2,43.686963,-79.50605,"C$499,999",4 bds,2 ba,
212 Saint Clair Ave W, Toronto,ON,M4V1R2,43.686366,-79.404449,C$1,6 bds,6 ba,
11 Thornwood Rd, Toronto,ON,M4W2R8,43.681926,-79.385029,"C$20,000,000",5 bds,8 ba,
10 Blakley Ave, Toronto,ON,M6N3Y5,43.671732,-79.481226,"C$548,000",3 bds,2 ba,
17 Strath Humber Ct, Toronto,ON,M9A4C8,43.661667,-79.515797,"C$2,289,000",6 bds,5 ba,
7 Appleby Ct, Toronto,ON,M9B5A1,43.654048,-79.549576,"C$16,900,000",7 bds,9 ba,
18 Munro Park Ave, Toronto,ON,M4E3M3,43.671794,-79.283123,"C$6,999,000",5 bds,5 ba,
7 Brimley Rd S #D78, Toronto,ON,M1M3W3,43.706276,-79.231863,"C$490,000",1 bd,2 ba,
20/22 Park Lane Cir,Toronto,ON,M3B1Z7,43.633001,-79.354953,"C$29,990,000",8bds,9ba,
19 Country Ln,Toronto,ON,M2L1E1,43.74036,-79.380766,"C$19,388,000",7bds,11ba,
88 Forest Heights Blvd,Toronto,ON,M2L2K8,43.760595,-79.378477,"C$29,800,000",8bds,11ba,
45 Park Lane Cir,Toronto,ON,M3C2N3,43.730085,-79.369058,"C$29,800,000",6bds,9ba,
27 South Dr,Toronto,ON,M4W1R2,43.677229,-79.382582,"C$20,800,000",6bds,9ba,
17 Ardwold Gate,Toronto,ON,M5R2W1,43.678881,-79.407258,"C$34,500,000",8bds,11ba,
36 Old Colony Rd,Toronto,ON,M2L2J8,43.758104,-79.382893,"C$6,380,000",4bds,4ba,
253 Dunvegan Rd,Toronto,ON,M5P2P5,43.699453,-79.414977,"C$9,885,000",7bds,9ba,
45 Bayview Rdg,Toronto,ON,M2L1E3,43.741938,-79.387871,"C$22,500,000",8bds,10ba,
112 Mason Blvd,Toronto,ON,M5M3E3,43.741214,-79.412096,"C$4,249,990",4bds,4ba,
220 Victoria St #806,Toronto,ON,M5B2R6,43.654877,-79.379218,"C$599,000",3bds,2ba,
27 Devondale Ave,Toronto,ON,M2R2C9,43.777838,-79.435334,"C$2,388,000",4bds,4ba,
45 Pegasus Trl,Toronto,ON,M1G3N6,43.780196,-79.221561,"C$1,188,000",7bds,4ba,
73 Fishleigh Dr,Toronto,ON,M1N1H3,43.701371,-79.245529,"C$2,580,000",5bds,2ba,
1 Lake Shore Dr,Toronto,ON,M8V1Y9,43.601114,-79.497504,"C$4,250,000",4bds,4ba,
12 Gradwell Dr,Toronto,ON,M1M2M9,43.71325,-79.235129,"C$2,750,000",5bds,4ba,
79 John St,Toronto,ON,M9N1J6,43.703998,-79.515164,"C$799,000",5bds,2ba,
20 Moccasin Trl,Toronto,ON,M3C1Y7,43.731688,-79.339069,"C$1,498,800",4bds,3ba,
55 Lynnhaven Rd,Toronto,ON,M6A2K7,43.721312,-79.439612,"C$3,269,999",6bds,7ba,
129 Clansman Blvd,Toronto,ON,M2H1Y3,43.802346,-79.361476,"C$1,399,900",4bds,4ba,
62 Portico Dr,Toronto,ON,M1G3R6,43.780543,-79.219347,"C$999,900",5bds,2ba,
579 Indian Rd,Toronto,ON,M6P2C3,43.65804,-79.456608,"C$2,999,999",9bds,5ba,
6 Elward Blvd,Toronto,ON,M1L3L2,43.691459,-79.281882,"C$569,900",3bds,2ba,
483 Dupont St #103,Toronto,ON,M6G1Y6,43.672797,-79.415295,"C$849,900",0bds,1ba,
55 Regency Sq,Toronto,ON,M1E1N4,43.752281,-79.194912,"C$1,299,000",5bds,2ba,
30 High Point Rd,Toronto,ON,M3C2R3,43.731817,-79.368833,"C$28,000,000",8bds,13ba,
200 Murison Blvd UNIT 67,Toronto,ON,M1B3R9,43.800088,-79.202935,"C$499,900",3bds,2ba,
10 Greenyards Dr,Toronto,ON,M2M2R6,43.79625,-79.40879,"C$1,799,000",5bds,3ba,
23 Elba Ave,Toronto,ON,M1L4E9,43.699375,-79.274278,"C$499,999",3bds,2ba,
24 Sophia Dr, Toronto,ON,M1H1Z4,43.762867,-79.227694,"C$799,000",3 bds,1 ba,
1 Strathgowan Ave #403, Toronto,ON,M4N0B3,43.718724,-79.400268,"C$1,700,000",2 bds,3 ba,
501 Adelaide St W #909, Toronto,ON,M5V0R3,43.645422,-79.401295,"C$539,900",1 bd,1 ba,
15 Helmsdale Cres, Toronto,ON,M9V3X8,43.747239,-79.603316,"C$1,199,900",7 bds,4 ba,
55 Deanscroft Sq, Toronto,ON,M1E4W8,43.764897,-79.176426,"C$875,000",4 bds,3 ba,
191 Parkmount Rd, Toronto,ON,M4J4V5,43.681804,-79.325548,"C$1,139,000",4 bds,4 ba,
21 Iceboat Ter PENTHOUSE 10, Toronto,ON,M5V4A9,43.640393,-79.397362,"C$2,950,000",4 bds,4 ba,
78 Carr St #TOWNHOUSE 32, Toronto,ON,M5T1B7,43.649695,-79.403974,"C$699,000",2 bds,2 ba,
650 Sheppard Ave E #215, Toronto,ON,M2K3E4,43.768577,-79.381429,"C$569,988",2 bds,1 ba,
1778 Dufferin St, Toronto,ON,M6E3P4,43.680272,-79.444278,"C$997,000",5 bds,4 ba,
33 Shore Breeze Dr E #1208, Toronto,ON,M8V0G1,43.623886,-79.479223,"C$685,000",2 bds,1 ba,
24 Coventry St, Toronto,ON,M1L0H1,43.692746,-79.276677,"C$929,900",3 bds,3 ba,
21 Groverdale Rd, Toronto,ON,M9C3M7,43.650171,-79.575026,"C$1,275,000",3 bds,2 ba,
80 Curzon St, Toronto,ON,M4M3B4,43.665284,-79.332659,"C$988,000",3 bds,2 ba,
8 Trent Ave #1205, Toronto,ON,M4C0A6,43.688207,-79.295862,"C$749,900",3 bds,2 ba,
65 Huntingdale Blvd UNIT 1507, Toronto,ON,M1W2P1,43.795184,-79.324378,"C$685,000",3 bds,2 ba,
198 Lawlor Ave, Toronto,ON,M4E3M1,43.685388,-79.290756,"C$1,324,900",4 bds,2 ba,
408 Browns Line S #312, Toronto,ON,M5W3T9,43.601697,-79.545232,"C$689,900",2 bds,2 ba,
1 King St W #1501, Toronto,ON,M5H1A1,43.648987,-79.37807,"C$399,900",2 bds,1 ba,
25 Clark St, Toronto,ON,M4M1M5,43.660183,-79.347772,"C$1,475,000",3 bds,3 ba,
64 Chandler Dr, Toronto,ON,M1G1Z3,43.765412,-79.220644,"C$899,000",5 bds,2 ba,
10 Capreol Ct #902, Toronto,ON,M5V4B3,43.640268,-79.396014,"C$599,000",2 bds,1 ba,
215 Mill Rd, Toronto,ON,M9C1Y1,43.633835,-79.57625,"C$1,479,000",4 bds,3 ba,
100 Rosethorn Ave, Toronto,ON,M6N3L1,43.679352,-79.463314,"C$1,250,000",3 bds,2 ba,
98 Spruce Hill Rd, Toronto,ON,M4E3G4,43.675156,-79.290203,"C$2,899,999",4 bds,4 ba,
63 Bannatyne Dr, Toronto,ON,M2L2P2,43.761125,-79.370406,"C$5,598,000",5 bds,7 ba,
533 Richmond St W PENTHOUSE 2, Toronto,ON,M5V3Y1,43.646874,-79.400841,"C$3,800,000",3 bds,3 ba,
8 Lee Centre Dr #702, Toronto,ON,M1H3H8,43.780823,-79.247602,"C$375,888",1 bd,1 ba,
30 Nelson St #PENTHOUSE 101, Toronto,ON,M5V0H5,43.649062,-79.388476,"C$3,950,000",3 bds,3 ba,
9 Overton Pl, Toronto,ON,M3B1H1,43.741095,-79.345984,"C$1,850,000",4 bds,4 ba,
1328 Birchmount Rd #PENTHOUSE 9, Toronto,ON,M1R0B6,43.748506,-79.286068,"C$698,000",3 bds,2 ba,"1,115 sqft"
717 Greenwood Ave, Toronto,ON,M4J4B6,43.683375,-79.332915,"C$1,029,000",3 bds,2 ba,
200 Woodbine Ave #601, Toronto,ON,M4L3P2,43.668935,-79.306142,"C$4,899,000",4 bds,5 ba,
8 Attila Ct, Toronto,ON,M9V4E5,43.736459,-79.597189,"C$949,900",4 bds,3 ba,
62 Kent Rd, Toronto,ON,M4L2X6,43.667307,-79.321014,"C$995,000",3 bds,2 ba,
200 Russell Hill Rd #502, Toronto,ON,M4V0B6,43.681737,-79.406631,"C$16,995,000",6 bds,7 ba,
45 Oldham Rd, Toronto,ON,M9A2B9,43.677488,-79.542254,"C$1,629,000",4 bds,3 ba,
29 Portico Dr, Toronto,ON,M1G3R5,43.779069,-79.22196,"C$1,249,999",7 bds,4 ba,
11 Brunel Ct #5005, Toronto,ON,M5V3Y3,43.639441,-79.393173,"C$570,000",1 bd,1 ba,
103 Old Colony Rd, Toronto,ON,M2L2K3,43.758834,-79.374583,"C$19,995,000",6 bds,11 ba,
175 Teddington Park Ave, Toronto,ON,M4N2C7,43.734233,-79.396869,"C$14,680,000",6 bds,9 ba,
6 Wyndcliff Cres, Toronto,ON,M4A2K1,43.735574,-79.318059,"C$1,429,900",4 bds,2 ba,
40 Sylvan Valleyway #523, Toronto,ON,M5M4M3,43.724203,-79.415282,"C$889,000",2 bds,2 ba,
167 Wineva Ave, Toronto,ON,M4E2T5,43.672156,-79.295951,"C$1,649,900",4 bds,4 ba,
10 Gateway Blvd #402, Toronto,ON,M3C3A1,43.709781,-79.332708,"C$499,000",2 bds,2 ba,
2200 Lake Shore Blvd W #818, Toronto,ON,M8V1A4,43.622743,-79.481934,"C$530,000",1 bd,1 ba,
8 Rosebank Dr #7H, Toronto,ON,M1B5Z3,43.791844,-79.237284,"C$528,000",2 bds,1 ba,
31 Antler St, Toronto,ON,M6P3R2,43.663867,-79.44993,"C$1,099,900",5 bds,2 ba,
799 Midland Ave, Toronto,ON,M1K4E8,43.733446,-79.25729,C$1,4 bds,3 ba,
130 Neptune Dr #607, Toronto,ON,M6A1X5,43.730295,-79.441115,"C$539,333",3 bds,2 ba,
557 Logan Ave, Toronto,ON,M4K3B6,43.669004,-79.345758,"C$799,000",3 bds,2 ba,
302 Richview Ave, Toronto,ON,M5P3G5,43.695952,-79.422548,"C$2,799,000",4 bds,5 ba,
1 Monarchdale Ave, Toronto,ON,M6M2S6,43.698966,-79.493874,"C$849,900",4 bds,3 ba,
5 Wray Ct, Toronto,ON,M9V4K4,43.755083,-79.593103,"C$799,990",4 bds,3 ba,
56 Branstone Rd, Toronto,ON,M6E4E4,43.692013,-79.453838,"C$1,150,000",3 bds,2 ba,
5 Mabelle Ave #2328, Toronto,ON,M9A0C8,43.646719,-79.525449,"C$749,000",3 bds,2 ba,
437 Westmount Ave, Toronto,ON,M6E3N4,43.686951,-79.445233,"C$799,000",4 bds,2 ba,
35 Kirkdene Dr, Toronto,ON,M1C3A5,43.793789,-79.141364,"C$1,246,000",4 bds,4 ba,
136 Collier St, Toronto,ON,M4W1M3,43.67275,-79.384146,"C$1,850,000",5 bds,3 ba,
130 Morningview Trl, Toronto,ON,M1B5L2,43.815394,-79.199609,"C$1,349,000",6 bds,4 ba,
2800 Warden Ave #1004, Toronto,ON,M1W3Z6,43.795721,-79.315724,"C$399,900",2 bds,2 ba,
4737 Jane St, Toronto,ON,M3N2K8,43.771431,-79.519798,"C$499,000",4 bds,2 ba,
28 Fishleigh Dr, Toronto,ON,M1N1G9,43.700665,-79.250643,"C$1,299,000",6 bds,4 ba,
4673 Jane St #318, Toronto,ON,M3N2L1,43.770357,-79.520128,"C$330,000",2 bds,1 ba,
850 Danforth Rd, Toronto,ON,M1K1H5,43.726901,-79.253184,"C$799,900",5 bds,2 ba,
303 Maria St, Toronto,ON,M6P1W6,43.666219,-79.482138,"C$799,000",2 bds,2 ba,
631 Richmond St W, Toronto,ON,M6J1C2,43.646133,-79.404423,"C$799,000",3 bds,1 ba,
90 Broadview Ave #526, Toronto,ON,M4M0A7,43.65794,-79.349786,"C$689,000",2 bds,1 ba,
18 Burnt Log Cres, Toronto,ON,M9C2J8,43.633137,-79.58094,"C$1,999,999",4 bds,3 ba,"3,180 sqft"
10 De Boers Dr #905, Toronto,ON,M3J0L6,43.752055,-79.464264,"C$499,000",2 bds,1 ba,
825 Adelaide St W, Toronto,ON,M6J1B5,43.643556,-79.410684,"C$1,599,000",3 bds,2 ba,
15 Edenbrook Hl, Toronto,ON,M9A3Z7,43.671624,-79.524004,"C$7,750,000",5 bds,7 ba,
10 Deerlick Ct #518, Toronto,ON,M3A0A7,43.759433,-79.332085,"C$599,990",2 bds,2 ba,
11 Wellesley St W #4711, Toronto,ON,M4Y0G4,43.664526,-79.385583,"C$714,900",1 bd,1 ba,
37 Saint Andrews Gdns, Toronto,ON,M4W2C9,43.685552,-79.374772,"C$6,495,000",6 bds,5 ba,
8 Colborne St #PENTHOUSE 2701, Toronto,ON,M5E1E1,43.648745,-79.377021,"C$3,495,000",5 bds,4 ba,
102 Pennyhill Dr, Toronto,ON,M1B4K7,43.813775,-79.216708,"C$749,900",3 bds,3 ba,"1,280 sqft"
333 Brighton Ave, Toronto,ON,M3H4G4,43.756128,-79.462889,"C$3,438,000",6 bds,7 ba,
20 Blue Jays Way #319, Toronto,ON,M5V3W6,43.643797,-79.391668,"C$639,000",1 bd,1 ba,
2737 Keele St #821, Toronto,ON,M3M2E9,43.725799,-79.480604,"C$299,990",Studio,1 ba,
24 Masseygrove Cres, Toronto,ON,M9V3C9,43.736326,-79.584228,"C$899,999",6 bds,3 ba,
1 De Vere Gdns, Toronto,ON,M5M3E4,43.736381,-79.407697,"C$4,995,000",5 bds,6 ba,
36 Astley Ave, Toronto,ON,M4W3B4,43.688906,-79.369921,"C$3,499,000",5 bds,6 ba,
222 The Esplanade #713, Toronto,ON,M5A4M8,43.649611,-79.365545,"C$449,900",2 bds,1 ba,
629 King St W #1307, Toronto,ON,M5V0G9,43.643972,-79.401585,"C$399,880",1 bd,1 ba,
228 Westview Blvd, Toronto,ON,M4B3J5,43.71338,-79.305617,"C$998,000",3 bds,2 ba,
357 King St W #1601, Toronto,ON,M5V0S7,43.645835,-79.392529,"C$399,000",1 bd,1 ba,
55 Hambly Ave, Toronto,ON,M4E2R5,43.673307,-79.297707,"C$3,299,900",4 bds,4 ba,
74 Connolly St, Toronto,ON,M6N5G3,43.671959,-79.455369,"C$498,800",2 bds,1 ba,
17A S Woodrow Blvd, Toronto,ON,M1N3L5,43.699423,-79.260028,"C$1,269,000",4 bds,2 ba,
23 Dewbourne Ave, Toronto,ON,M5P1Z5,43.699157,-79.423254,"C$5,995,000",8 bds,8 ba,
271 Victoria Park Ave, Toronto,ON,M4E3S6,43.683316,-79.284726,"C$600,000",1 bd,1 ba,
2A Battenberg Ave, Toronto,ON,M4L1J8,43.667336,-79.316773,"C$695,000",2 bds,1 ba,
235 Sherway Gardens Rd #2010, Toronto,ON,M9C0A2,43.609301,-79.559016,"C$650,000",2 bds,2 ba,
14 Pinegrove Ave, Toronto,ON,M1N2G4,43.698491,-79.263913,"C$799,000",4 bds,2 ba,
180 Patricia Ave, Toronto,ON,M2M1J5,43.788611,-79.426393,"C$1,088,000",4 bds,3 ba,
1815 Yonge St #1801, Toronto,ON,M4T2A4,43.695918,-79.395842,"C$849,000",2 bds,1 ba,
740 Eglinton Ave W #301, Toronto,ON,M5N1C4,43.702079,-79.421814,"C$499,000",2 bds,1 ba,
114 Saskatoon Dr, Toronto,ON,M9P2G4,43.69309,-79.544397,"C$1,549,900",6 bds,4 ba,
353 Driftwood Ave #2, Toronto,ON,M3N2P2,43.768082,-79.512841,"C$535,000",5 bds,3 ba,
181 Dundas St E UNIT 3811, Toronto,ON,M5A0N5,43.656969,-79.374122,"C$699,000",2 bds,1 ba,
59 Annie Craig Dr #3604, Toronto,ON,M8V0C4,43.624949,-79.478244,"C$1,336,000",3 bds,3 ba,
391 Beechgrove Dr #79, Scarborough,ON,M1E2R1,43.776785,-79.172058,"C$599,000",3 bds,3 ba,"1,100 sqft"
77 Magellan Dr, Toronto,ON,M3L1T3,43.736555,-79.508517,"C$855,900",3 bds,1 ba,
70 Byng Ave #6, Toronto,ON,M2N7L9,43.777634,-79.411524,"C$799,000",3 bds,3 ba,
585 Bloor St E #4218, Toronto,ON,M4W0B3,43.671653,-79.371638,"C$1,550,000",3 bds,2 ba,
97 Lawton Blvd #704, Toronto,ON,M4V1Z6,43.693514,-79.396234,"C$549,000",2 bds,1 ba,
44 Waverley Rd, Toronto,ON,M4L3T1,43.667585,-79.300136,"C$2,978,000",5 bds,5 ba,
812 Duplex Ave, Toronto,ON,M4R1W7,43.718239,-79.403956,"C$1,895,000",4 bds,2 ba,
127 Boardwalk Dr, Toronto,ON,M4L3X9,43.666435,-79.305807,"C$2,595,000",4 bds,4 ba,
215 Strathallan Wood, Toronto,ON,M5N1T5,43.712754,-79.421209,"C$10,900,000",4 bds,6 ba,
63 Hammersmith Ave, Toronto,ON,M4E2W3,43.670396,-79.293932,"C$2,989,000",5 bds,6 ba,
990 Dovercourt Rd, Toronto,ON,M6H2X5,43.666907,-79.431852,"C$699,000",3 bds,2 ba,
47 Stephen Dr, Toronto,ON,M8Y3M8,43.632836,-79.485005,"C$849,000",3 bds,1 ba,
415 Wellesley St E, Toronto,ON,M4X1H5,43.668911,-79.364947,"C$1,195,000",4 bds,3 ba,
200 Cumberland St #3802, Toronto,ON,M5R0B7,43.669867,-79.394244,"C$17,800,000",3 bds,4 ba,
30 Forge Dr, Toronto,ON,M3N2R3,43.759536,-79.513985,"C$849,999",5 bds,2 ba,
4 Tredvalley Grve, Toronto,ON,M1C3J4,43.776477,-79.148234,"C$2,388,000",5 bds,5 ba,
83 Lillian St #15, Toronto,ON,M4S2H7,43.706583,-79.393516,"C$899,000",2 bds,2 ba,
168 Pinewood Ave, Toronto,ON,M6C2V5,43.688172,-79.427079,"C$1,529,000",3 bds,2 ba,
101 Charles St E #4202, Toronto,ON,M4Y0A9,43.669643,-79.380555,"C$875,000",2 bds,1 ba,
127 Bellwoods Ave, Toronto,ON,M6J2P6,43.64966,-79.41204,"C$1,799,900",4 bds,2 ba,
9 Bogert Ave #2801, Toronto,ON,M2N0H3,43.760385,-79.411435,"C$728,000",2 bds,2 ba,
65 Mutual St #3004, Toronto,ON,M5H2A9,43.655802,-79.374984,"C$899,000",3 bds,2 ba,
195 Redpath Ave #3307, Toronto,ON,M4P0E4,43.7101,-79.393425,"C$399,000",Studio,1 ba,
28 Rosebank Dr #1009, Toronto,ON,M1B5Z1,43.792518,-79.235348,"C$799,000",5 bds,3 ba,
36 Lisgar St #708W, Toronto,ON,M6J0C7,43.641739,-79.423316,"C$399,900",2 bds,1 ba,
5444 Yonge St #108, Toronto,ON,M2N6J4,43.776373,-79.415758,"C$1,898,000",3 bds,3 ba,
2053 Gerrard St E, Toronto,ON,M4E2B4,43.68208,-79.307469,"C$999,900",4 bds,2 ba,
64 Marion St, Toronto,ON,M6R1E7,43.642017,-79.443304,"C$1,599,000",6 bds,2 ba,
248 Garden Ave, Toronto,ON,M6R1J3,43.6432,-79.450769,"C$1,149,000",6 bds,4 ba,
6 Croft St, Toronto,ON,M5S2N8,43.657306,-79.406124,"C$1,949,000",4 bds,3 ba,
236 Browning Ave, Toronto,ON,M4K1X2,43.683222,-79.34711,"C$1,649,000",4 bds,2 ba,
6 Creekwood Dr, Toronto,ON,M1E4L7,43.785981,-79.215279,"C$1,375,000",4 bds,5 ba,
830 Lawrence Ave W #2207, Toronto,ON,M6A0B6,43.71445,-79.454208,"C$499,900",2 bds,1 ba,
48 Coe Hill Dr, Toronto,ON,M6S3C8,43.639264,-79.469882,"C$1,198,000",5 bds,2 ba,
68 Abell St UNIT 1001, Toronto,ON,M6J0B1,43.642434,-79.424538,"C$698,000",2 bds,2 ba,
301 Prudential Dr #1701, Toronto,ON,M1P4V3,43.749918,-79.268628,"C$325,000",2 bds,1 ba,
2901 Kipling Ave #907, Toronto,ON,M9V5E5,43.758185,-79.588513,"C$549,000",2 bds,2 ba,
341 Military Trl #20, Toronto,ON,M1E4E4,43.786061,-79.212348,"C$549,900",3 bds,2 ba,
29 Glen Stewart Ave, Toronto,ON,M4E1P6,43.678355,-79.295885,"C$1,849,000",3 bds,2 ba,
364 The East Mall #243, Toronto,ON,M9B6C5,43.642465,-79.559589,"C$625,000",3 bds,3 ba,
309 Ranee Ave, Toronto,ON,M6A1N9,43.722361,-79.451974,"C$3,220,000",6 bds,7 ba,
2737 Keele St #402, Toronto,ON,M3M2E9,43.725799,-79.480604,"C$418,888",3 bds,2 ba,
403 Church St #2413, Toronto,ON,M4Y0C9,43.662103,-79.379236,"C$698,000",2 bds,1 ba,
76 Arjay Cres, Toronto,ON,M2L1C7,43.739075,-79.384916,"C$13,995,000",6 bds,10 ba,
147 Cameron Ave, Toronto,ON,M6M1R5,43.689775,-79.471368,"C$799,000",3 bds,2 ba,
78 Cameron Ave, Toronto,ON,M2N1E2,43.75622,-79.415729,"C$2,835,000",3 bds,5 ba,
28 Freeland St #4404, Toronto,ON,M5E1L7,43.643622,-79.373959,"C$10,428,000",2 bds,1 ba,
663 Windermere Ave, Toronto,ON,M6S3M2,43.656998,-79.48273,"C$1,695,000",3 bds,2 ba,
27 Shaftesbury Ave, Toronto,ON,M4T3B3,43.68211,-79.390162,"C$1,899,000",2 bds,3 ba,
1950 Kennedy Rd #706, Toronto,ON,M1P4S9,43.767632,-79.282853,"C$539,000",3 bds,1 ba,
32 Ava Rd, Toronto,ON,M5P1Y4,43.697906,-79.421226,"C$5,995,000",6 bds,6 ba,
5418 Yonge St #901, Toronto,ON,M2N6X4,43.775522,-79.415248,"C$729,000",3 bds,2 ba,
125 Peter St #1301, Toronto,ON,M5V0M2,43.648321,-79.392887,"C$928,900",3 bds,2 ba,
7 Merredin Pl, Toronto,ON,M3B1S7,43.748513,-79.35726,"C$3,880,000",6 bds,6 ba,
564 Pharmacy Ave, Toronto,ON,M1L3G9,43.707103,-79.289985,"C$850,000",4 bds,2 ba,
14 Kildonan Dr, Toronto,ON,M1N3B5,43.687027,-79.266351,"C$2,690,000",5 bds,4 ba,
180 Markham Rd SUITE 707, Toronto,ON,M1M2Z9,43.652934,-79.407872,"C$389,900",1 bd,1 ba,
27 Glen Elm Ave, Toronto,ON,M4T1T9,43.691389,-79.393694,"C$4,999,999",8 bds,7 ba,
20 Cedar Ave E, Toronto,ON,M4E1K2,43.674795,-79.287507,"C$1,699,000",3 bds,4 ba,
4 Daysland Rd, Toronto,ON,M9W4A9,43.718979,-79.56295,"C$998,000",5 bds,3 ba,
59 Arundel Ave, Toronto,ON,M4K3A3,43.679799,-79.351218,"C$1,589,000",2 bds,3 ba,
390 Hopewell Ave #130, Toronto,ON,M6E2S2,43.700641,-79.444449,"C$529,900",2 bds,2 ba,
21 Mayberry Rd, Toronto,ON,M3N2A5,43.741518,-79.518308,"C$650,000",3 bds,2 ba,
30 Fieldway Rd #98, Toronto,ON,M8Z0E3,43.642292,-79.528276,"C$699,900",2 bds,2 ba,
1 Hawthorn Ave, Toronto,ON,M4W2Z1,43.675042,-79.36985,"C$6,600,000",5 bds,4 ba,
15 Sewells Rd #410, Toronto,ON,M1B3V7,43.806694,-79.217112,"C$349,000",2 bds,1 ba,
5 Saint Joseph St #4309, Toronto,ON,M4Y0B6,43.665776,-79.385633,"C$698,000",2 bds,1 ba,
4 Burleigh Heights Dr, Toronto,ON,M2K1Y7,43.779657,-79.390466,"C$3,980,000",5 bds,6 ba,
580 Christie St #807, Toronto,ON,M6G3E3,43.679182,-79.425403,"C$379,000",1 bd,1 ba,
217 Richview Ave, Toronto,ON,M5P3G2,43.695007,-79.421605,"C$7,695,000",6 bds,8 ba,
10 Eva Rd #601, Toronto,ON,M9C0B3,43.641355,-79.562771,"C$680,000",3 bds,2 ba,
80 Old Forest Hill Rd, Toronto,ON,M5P2R5,43.698893,-79.417749,"C$7,995,000",5 bds,5 ba,
34 Green Valley Rd, Toronto,ON,M2P1A6,43.739774,-79.388924,"C$14,995,000",6 bds,8 ba,
56 Rockcliffe Blvd, Toronto,ON,M6N4R5,43.679689,-79.4908,"C$959,900",4 bds,2 ba,
48 Crescent Rd, Toronto,ON,M4W1S9,43.677803,-79.387068,"C$4,450,000",4 bds,5 ba,
816 Lansdowne Ave #216, Toronto,ON,M6H4K6,43.665661,-79.447378,"C$399,000",1 bd,1 ba,
91 Fulwell Cres, Toronto,ON,M3J1Y4,43.750867,-79.50285,"C$999,999",4 bds,3 ba,
225 Christie St, Toronto,ON,M6G3B5,43.669398,-79.420453,"C$1,988,000",4 bds,4 ba,
127 Joicey Blvd, Toronto,ON,M2M2T8,43.736904,-79.416255,"C$5,135,000",5 bds,7 ba,
104 3rd St, Toronto,ON,M8V2X9,43.60352,-79.501782,"C$899,900",3 bds,2 ba,
12 Lark St, Toronto,ON,M4L3M6,43.668319,-79.310823,"C$1,199,900",4 bds,3 ba,
490 Caledonia Rd, Toronto,ON,M6E4V2,43.689821,-79.461148,"C$875,000",3 bds,2 ba,
101 Russell Hill Rd, Toronto,ON,M4V2S9,43.68178,-79.404985,"C$4,425,000",4 bds,4 ba,
47 Cherrylawn Ave, Toronto,ON,M9L2B3,43.752537,-79.559192,"C$899,000",6 bds,2 ba,"1,178 sqft"
23 Cavell Ave, Toronto,ON,M4K1L5,43.676192,-79.344974,"C$2,850,000",5 bds,5 ba,
11 Shorncliffe Ave, Toronto,ON,M4V1S9,43.68559,-79.410873,"C$5,200,000",5 bds,4 ba,
211 Woodycrest Ave, Toronto,ON,M4J3C4,43.687915,-79.344644,"C$2,489,000",5 bds,5 ba,
1 Silvergrove Rd, Toronto,ON,M2L2N5,43.763519,-79.374045,"C$6,295,000",5 bds,7 ba,
43 Edenvale Cres, Toronto,ON,M9A4A5,43.680741,-79.52895,"C$4,745,000",4 bds,4 ba,
3 Everson Dr #637, Toronto,ON,M2N7C2,43.756938,-79.406496,"C$659,000",3 bds,2 ba,
23 Strathdee Dr, Toronto,ON,M9R1A6,43.681424,-79.544171,"C$1,749,888",5 bds,3 ba,
861 Sheppard Ave W #61,Toronto,ON,M3H0E9,43.752102,-79.453675,C$1,3 bds,3 ba,
6 Lankin Blvd, Toronto,ON,M4J4W8,43.692293,-79.328633,"C$1,099,000",4 bds,3 ba,
161 Roehampton Ave #PENTHOUSE 05, Toronto,ON,M4P0C8,43.70876,-79.393794,"C$1,588,000",3 bds,2 ba,
4689 Jane St #503, Toronto,ON,M3N2T6,43.770863,-79.520254,"C$259,900",2 bds,1 ba,
57 Saint Nicholas St, Toronto,ON,M4Y1W6,43.667191,-79.386232,"C$1,889,000",3 bds,4 ba,
173 Dunvegan Rd, Toronto,ON,M5P2P1,43.696803,-79.408729,"C$13,800,000",4 bds,7 ba,
65 Harbour Sq #3306, Toronto,ON,M5J2L4,43.640082,-79.378599,"C$1,349,900",3 bds,2 ba,
353 Driftwood Ave #7, Toronto,ON,M3N2P2,43.768082,-79.512841,"C$550,000",5 bds,3 ba,
1195 The Queensway E #102, Toronto,ON,M8Z0H1,43.621626,-79.522481,"C$399,999",1 bd,1 ba,
66 Cliff St, Toronto,ON,M6N4M1,43.679993,-79.485042,"C$999,900",4 bds,2 ba,
5 Pheasant Ln, Toronto,ON,M9A1T1,43.662472,-79.534898,"C$6,899,000",5 bds,5 ba,
73 Pendrith St, Toronto,ON,M6G1R8,43.666638,-79.422778,"C$1,288,000",3 bds,2 ba,
25 Boustead Ave, Toronto,ON,M6R1Y7,43.653133,-79.452791,"C$1,999,900",5 bds,3 ba,"2,250 sqft"
15 Lenthall Ave, Toronto,ON,M1B2C7,43.797531,-79.238536,"C$950,000",4 bds,4 ba,
127 Queen St E #406, Toronto,ON,M5C1S3,43.653471,-79.373755,"C$484,000",1 bd,1 ba,
295 Adelaide St W #2303, Toronto,ON,M5V0L4,43.647594,-79.390757,"C$599,000",1 bd,1 ba,
5791 Yonge St #PENTHOUSE 205, Toronto,ON,M2M0A8,43.783997,-79.41604,"C$650,000",3 bds,2 ba,
130 Shuter St, Toronto,ON,M5A1V8,43.655956,-79.371864,"C$1,199,000",6 bds,4 ba,
408 Ontario St, Toronto,ON,M5A2W1,43.662083,-79.370042,"C$2,288,800",5 bds,5 ba,
1785 Eglinton Ave E #203, Toronto,ON,M4A2Y6,43.724765,-79.307151,"C$549,000",2 bds,2 ba,
1994 Dufferin St, Toronto,ON,M6E3R2,43.684965,-79.446149,"C$899,999",6 bds,3 ba,
37 Drewry Ave UNIT 9, Toronto,ON,M2M0B4,43.786348,-79.419345,"C$738,000",3 bds,2 ba,
60 Alexandra Wood, Toronto,ON,M5N2S5,43.71411,-79.425653,"C$8,950,000",5 bds,7 ba,
95 Vine Ave, Toronto,ON,M6P1V8,43.66645,-79.468112,"C$1,149,900",4 bds,2 ba,
33 Sheppard Ave E #1800, Toronto,ON,M2N7K1,43.761229,-79.408934,"C$575,000",1 bd,1 ba,
82 York Rd, Toronto,ON,M2L1H8,43.746179,-79.384607,"C$6,289,000",7 bds,7 ba,
2152 Bayview Ave, Toronto,ON,M4N0A4,43.723305,-79.379711,"C$1,328,000",4 bds,3 ba,
585 Bloor St E #521, Toronto,ON,M4W0B3,43.671653,-79.371638,"C$498,888",2 bds,2 ba,
60 Manorglen Cres, Toronto,ON,M1S1W4,43.780125,-79.271026,"C$1,199,000",4 bds,3 ba,
212 Cocksfield Ave, Toronto,ON,M3H3T7,43.753818,-79.454186,"C$999,000",4 bds,2 ba,
99 Broadway Ave #2902, Toronto,ON,M4P0E3,43.710514,-79.393306,"C$588,000",2 bds,2 ba,
5 Pembury Ave, Toronto,ON,M4N3K4,43.725688,-79.381034,"C$4,095,000",5 bds,5 ba,
155 Grenadier Rd, Toronto,ON,M6R1R5,43.648363,-79.45151,"C$3,980,000",5 bds,5 ba,
50 Yorkville Ave #5202, Toronto,ON,M4W0A3,43.671667,-79.389667,"C$18,800,000",4 bds,4 ba,
108 Sandringham Dr, Toronto,ON,M3H1C9,43.746887,-79.420259,"C$14,998,000",6 bds,8 ba,
208 Queens Quay W #511, Toronto,ON,M5J2Y5,43.64009,-79.381499,"C$649,000",3 bds,2 ba,
12 Madison Ave, Toronto,ON,M5R2S1,43.667759,-79.403321,"C$5,450,000",11 bds,3 ba,
32 Roxborough St E, Toronto,ON,M4W1V6,43.678482,-79.387974,"C$6,250,000",6 bds,5 ba,
4 Allen Ave, Toronto,ON,M8V1R8,43.612936,-79.49066,"C$1,198,000",2 bds,2 ba,
58 Masseygrove Cres, Toronto,ON,M9V3C9,43.737847,-79.58269,"C$799,000",4 bds,2 ba,
22 Malamute Cres, Toronto,ON,M1T2C7,43.777993,-79.302685,"C$1,090,000",6 bds,3 ba,
9 Windermere Ave #TOWNHOUSE 94, Toronto,ON,M6S5A4,43.636805,-79.468161,"C$449,000",1 bd,1 ba,
62 Elm Ave, Toronto,ON,M4W1N7,43.67613,-79.375547,"C$5,950,000",6 bds,5 ba,
271 Major St, Toronto,ON,M5S2L5,43.665445,-79.405732,"C$1,995,000",3 bds,4 ba,
194 Clendenan Ave, Toronto,ON,M6P2X2,43.656977,-79.471809,"C$1,499,000",3 bds,3 ba,
297 Oriole Pkwy, Toronto,ON,M5P2H6,43.70077,-79.404051,"C$2,695,000",6 bds,4 ba,
1244 College St, Toronto,ON,M6H1C2,43.651641,-79.438166,"C$1,049,900",4 bds,5 ba,
330 Dixon Rd #2705, Toronto,ON,M9R1S9,43.695777,-79.553152,"C$399,999",2 bds,1 ba,
11 Livonia Pl #18, Toronto,ON,M1E4W5,43.785465,-79.205888,"C$649,900",4 bds,4 ba,
35 Balmuto St #2101, Toronto,ON,M4Y0A3,43.669472,-79.387488,"C$998,000",2 bds,2 ba,
335 Mill Rd #703, Toronto,ON,M9C1Y6,43.639973,-79.584581,"C$450,000",2 bds,2 ba,"1,155 sqft"
66 Loradeen Cres, Toronto,ON,M1B1T8,43.81339,-79.232371,"C$999,950",7 bds,4 ba,
44 Branstone Rd, Toronto,ON,M6E4E4,43.691621,-79.453661,"C$699,000",2 bds,2 ba,
42 Mossbank Dr, Toronto,ON,M1G2C3,43.765598,-79.212505,"C$888,000",4 bds,3 ba,
2 1st Ave, Toronto,ON,M4M1W8,43.664898,-79.351918,"C$1,750,000",3 bds,3 ba,
16 Muskoka Ave, Toronto,ON,M8W1H3,43.59184,-79.532076,"C$2,449,000",8 bds,5 ba,
106 Varna Dr #TOWNHOUSE 10, Toronto,ON,M6A0C8,43.723122,-79.445784,"C$729,000",2 bds,3 ba,
575 Avenue Rd #704, Toronto,ON,M4V2K2,43.688637,-79.401726,"C$398,000",1 bd,1 ba,
8 Swansdown Dr, Toronto,ON,M2L2N1,43.759947,-79.373036,"C$10,499,000",5 bds,10 ba,
15 Holmes Ave #2405, Toronto,ON,M2N4L8,43.777812,-79.413863,"C$388,888",1 bd,1 ba,
10 Avery Ave, Toronto,ON,M9C1K2,43.633967,-79.564557,"C$3,199,000",5 bds,5 ba,
35 Emerald Cres, Toronto,ON,M8V2B3,43.59614,-79.502746,"C$2,499,000",5 bds,6 ba,
3151 Bridletowne Cir #1901, Toronto,ON,M1W2T1,43.797559,-79.319846,"C$599,900",3 bds,2 ba,
590 Briar Hill Ave, Toronto,ON,M5N1M9,43.709509,-79.420538,"C$5,790,000",4 bds,8 ba,
3 Thornhill Ave, Toronto,ON,M6S4C3,43.65734,-79.488801,"C$1,898,000",3 bds,4 ba,
17 Lesmount Ave, Toronto,ON,M4J3V5,43.690336,-79.339941,"C$1,299,000",3 bds,2 ba,
100 Mornelle Ct #1039, Toronto,ON,M1E4X2,43.78722,-79.194677,"C$489,900",3 bds,2 ba,
70 Distillery Ln #1508, Toronto,ON,M5A0E3,43.650118,-79.357935,"C$899,000",2 bds,2 ba,
91 Bedford Rd, Toronto,ON,M5R2K4,43.671488,-79.398264,"C$7,888,000",5 bds,5 ba,
340 Dixon Rd #1508, Toronto,ON,M9R1T1,43.695609,-79.553852,"C$395,000",2 bds,1 ba,
237 McRoberts Ave, Toronto,ON,M6E4P3,43.681676,-79.455673,"C$699,000",4 bds,2 ba,
262 Saint Helens Ave #106, Toronto,ON,M6H4A4,43.656487,-79.443717,"C$799,900",2 bds,2 ba,
241 B Evelyn Ave, Toronto,ON,M6P2Z8,43.662514,-79.475521,"C$2,998,000",6 bds,5 ba,
32 Windsor Rd, Toronto,ON,M9R3G4,43.699963,-79.556916,"C$1,280,000",4 bds,2 ba,
62 Martin Grove Rd, Toronto,ON,M9B4K4,43.643724,-79.547155,"C$3,799,000",4 bds,5 ba,
44 Standish Ave, Toronto,ON,M4W3B1,43.688505,-79.371183,"C$3,395,000",5 bds,5 ba,
25 Ritchie Ave #PENTHOUSE 510, Toronto,ON,M6R2J6,43.652358,-79.450119,"C$2,198,000",4 bds,3 ba,
80 John St #1603, Toronto,ON,M5V3X4,43.646874,-79.390188,"C$1,068,900",2 bds,2 ba,"1,010 sqft"
39 Standish Ave, Toronto,ON,M4W3B2,43.6885,-79.370482,"C$2,395,000",5 bds,4 ba,
77 Glenmore Rd, Toronto,ON,M4L3M2,43.678005,-79.310652,"C$1,399,000",4 bds,3 ba,
30 Northland Ave, Toronto,ON,M6N2C6,43.678734,-79.47552,"C$717,000",2 bds,2 ba,
17 Edilou Dr, Toronto,ON,M8W4B1,43.605996,-79.531532,"C$1,248,000",4 bds,2 ba,
2130 Weston Rd #304, Toronto,ON,M9N3R9,43.702433,-79.524659,"C$369,000",2 bds,1 ba,
186 Phyllis Ave, Toronto,ON,M1M1Y8,43.730854,-79.230523,"C$2,750,000",6 bds,7 ba,
132 Grey Rd, Toronto,ON,M5M4G1,43.731779,-79.423122,"C$2,395,000",3 bds,2 ba,
4645 Jane St #720, Toronto,ON,M3N2K9,43.769446,-79.519808,"C$278,000",1 bd,1 ba,
100 Glenvale Blvd, Toronto,ON,M4G2V9,43.717745,-79.371309,"C$3,848,000",5 bds,5 ba,
319 Betty Ann Dr, Toronto,ON,M2R1B4,43.764741,-79.436434,"C$4,660,000",7 bds,7 ba,
335 Lonsdale Rd #406, Toronto,ON,M5P1R4,43.68827,-79.413549,"C$509,000",2 bds,1 ba,
37 Marjory Ave, Toronto,ON,M4M2Y2,43.667421,-79.336653,"C$1,399,000",4 bds,2 ba,
10 Livonia Pl #149, Toronto,ON,M1E4W6,43.785922,-79.206031,"C$599,000",4 bds,4 ba,
4645 Jane St #818, Toronto,ON,M3N2K9,43.769446,-79.519808,"C$228,800",1 bd,1 ba,
42 Heathview Ave, Toronto,ON,M2K2C1,43.783169,-79.385634,"C$3,799,000",4 bds,3 ba,
561 Arlington Ave, Toronto,ON,M6C3A6,43.694701,-79.434216,"C$2,298,000",3 bds,4 ba,
2088 Lawrence Ave W #603, Toronto,ON,M9N3Z9,43.699951,-79.518563,"C$539,000",3 bds,2 ba,
210 Gowan Ave, Toronto,ON,M4J2K6,43.689278,-79.345064,"C$999,000",4 bds,2 ba,
52 Sproat Ave, Toronto,ON,M4M1W4,43.668518,-79.33323,"C$998,000",3 bds,1 ba,
311 Bay St #4801, Toronto,ON,M5H4G5,43.649756,-79.380323,"C$7,880,000",3 bds,5 ba,
35 Brian Peck Cres #807, Toronto,ON,M4G0A5,43.714593,-79.354388,"C$1,299,000",3 bds,2 ba,
40 Thorny Vine Way, Toronto,ON,M2J4J2,43.785524,-79.368264,"C$749,000",4 bds,3 ba,
166 Gordon Rd, Toronto,ON,M2P1E8,43.749409,-79.388568,"C$4,799,900",6 bds,6 ba,
365 Beech Ave #PENTHOUSE 1, Toronto,ON,M4E0C2,43.680037,-79.29045,"C$3,799,000",3 bds,3 ba,
926 Willowdale Ave, Toronto,ON,M2M3C1,43.785882,-79.409553,"C$1,529,000",6 bds,2 ba,
2 Josephine Rd, Toronto,ON,M3H3G4,43.743761,-79.447819,"C$1,879,000",5 bds,4 ba,
39B Oriole Rd, Toronto,ON,M4V2E6,43.688419,-79.40019,"C$4,749,000",4 bds,6 ba,
50 Grandravine Dr #8, Toronto,ON,M3J1B1,43.753029,-79.489411,"C$559,900",4 bds,2 ba,
170 Strathallan Blvd, Toronto,ON,M5N1T1,43.714008,-79.417412,"C$3,399,000",5 bds,3 ba,
85 Bloor St E #1709, Toronto,ON,M4W3Y1,43.670479,-79.384571,"C$485,000",2 bds,1 ba,
29 Checkendon Dr, Toronto,ON,M9W2Y8,43.732732,-79.57325,"C$989,000",3 bds,2 ba,"1,092 sqft"
418 Davenport Rd, Toronto,ON,M4V1B5,43.678098,-79.406458,"C$1,448,888",3 bds,2 ba,
65 Scadding Ave #422, Toronto,ON,M5A4L1,43.648874,-79.365216,"C$618,000",3 bds,2 ba,
524 Scarborough Golf Club Rd, Toronto,ON,M1G1H2,43.760083,-79.215919,"C$1,048,800",4 bds,3 ba,
42 Old Bridle Path, Toronto,ON,M4T1A7,43.687267,-79.376363,"C$3,295,000",5 bds,5 ba,
368 Markham St, Toronto,ON,M6G2K9,43.658121,-79.410024,"C$5,250,000",3 bds,5 ba,
24A Massey St, Toronto,ON,M6J3T7,43.642716,-79.413217,"C$1,299,000",3 bds,3 ba,
428 Connaught Ave, Toronto,ON,M2R2M3,43.784968,-79.43885,"C$3,368,000",7 bds,7 ba,
650 Queens Quay W #921, Toronto,ON,M5V3N2,43.635702,-79.398839,"C$389,000",1 bd,1 ba,
277 Indian Rd, Toronto,ON,M6R2X4,43.652109,-79.455322,"C$5,499,000",6 bds,5 ba,
61 Arjay Cres, Toronto,ON,M2L1C6,43.73848,-79.383368,"C$5,249,888",6 bds,6 ba,
113 Burrows Hall Blvd, Toronto,ON,M1B1Z7,43.791652,-79.231091,"C$650,000",3 bds,2 ba,
21 Kirk Bradden Rd W, Toronto,ON,M8Y2G1,43.638302,-79.502855,"C$3,955,000",5 bds,5 ba,
272 Rumsey Rd, Toronto,ON,M4G1P9,43.712369,-79.369841,"C$1,675,000",4 bds,2 ba,"1,692 sqft"
115 10th St, Toronto,ON,M8V3E9,43.599655,-79.508115,"C$1,499,000",9 bds,7 ba,
200 AC Merton St, Toronto,ON,M4S1A1,43.697552,-79.390292,"C$1,500,000",4 bds,3 ba,
700 King St W UNIT 604, Toronto,ON,M5V2Y6,43.644124,-79.403262,"C$490,000",2 bds,1 ba,
91 Valecrest Dr, Toronto,ON,M9A4P5,43.675971,-79.520516,"C$10,499,000",5 bds,8 ba,
135 Holborne Ave, Toronto,ON,M4C2R5,43.69443,-79.318652,"C$949,000",3 bds,2 ba,
1 Bolingbroke Rd, Toronto,ON,M6B3L5,43.712749,-79.448179,"C$1,625,000",3 bds,3 ba,"1,210 sqft"
1285 Dupont St #2301, Toronto,ON,M6H0E3,43.667732,-79.442661,"C$749,900",2 bds,2 ba,
491 Jane St, Toronto,ON,M6S4A1,43.661375,-79.489035,"C$879,900",3 bds,2 ba,
152 Stanley Ave, Toronto,ON,M8V1N9,43.614753,-79.496794,"C$1,898,000",3 bds,3 ba,
5795 Yonge St UNIT 611, Toronto,ON,M2M4J3,43.784366,-79.415164,"C$535,000",2 bds,2 ba,
75 Queens Wharf Rd #3901, Toronto,ON,M5V0J8,43.63836,-79.398657,"C$1,049,000",2 bds,2 ba,"1,008 sqft"
21 Tinbury Pl, Toronto,ON,M1B1J7,43.793992,-79.225331,"C$899,000",5 bds,3 ba,
4 Flatwoods Dr, Toronto,ON,M1V4H4,43.826499,-79.285113,"C$899,000",5 bds,3 ba,
1438A Dufferin St, Toronto,ON,M6H3L1,43.67111,-79.440411,"C$1,998,000",3 bds,6 ba,
38 Smithwood Dr, Toronto,ON,M9B4R9,43.643535,-79.552893,"C$4,449,000",6 bds,7 ba,
88 Willowridge Rd, Toronto,ON,M9R3Z4,43.678549,-79.57346,"C$899,900",3 bds,3 ba,
27 Burkwood Cres, Toronto,ON,M1B1N8,43.802005,-79.213927,"C$799,900",6 bds,3 ba,
63 Cleveland St, Toronto,ON,M4S2W3,43.701838,-79.37765,"C$949,999",2 bds,2 ba,
52 Rosedale Rd, Toronto,ON,M4W2P6,43.676621,-79.384891,"C$10,500,000",6 bds,7 ba,
62 Kay Dr, Toronto,ON,M9V4X7,43.757867,-79.592178,"C$999,000",4 bds,3 ba,
155 Dalhousie St #1054, Toronto,ON,M5B2P7,43.657615,-79.376789,"C$2,695,000",5 bds,4 ba,
5949 Yonge St #803, Toronto,ON,M2M3V8,43.787691,-79.416986,"C$348,800",1 bd,1 ba,
38 Ravensbourne Cres, Toronto,ON,M9A2A8,43.67637,-79.539166,"C$4,588,000",6 bds,5 ba,
9 Greenview Ave, Toronto,ON,M2M4M7,43.779808,-79.418417,"C$1,598,000",3 bds,3 ba,
68 Yorkville Ave #304, Toronto,ON,M5R3V7,43.671482,-79.390514,"C$3,750,000",2 bds,3 ba,"2,490 sqft"
375 King St W #2302, Toronto,ON,M5V1K5,43.6457,-79.393154,"C$1,089,000",3 bds,2 ba,
274 Carlton St, Toronto,ON,M5A2L5,43.664973,-79.366388,"C$3,898,000",6 bds,4 ba,
70 Pynford Cres, Toronto,ON,M3A1W8,43.758039,-79.318002,"C$1,029,888",6 bds,2 ba,
75 The Donway W #805, Toronto,ON,M3C2E9,43.732752,-79.345652,"C$499,000",Studio,1 ba,
80 Crescent Rd UNIT 300, Toronto,ON,M4W1T5,43.67805,-79.384721,"C$2,728,000",3 bds,2 ba,
4 Bowman St, Toronto,ON,M4X1T9,43.665666,-79.364223,"C$3,450,000",5 bds,5 ba,
53 Lynnford Dr, Toronto,ON,M9B1H8,43.633447,-79.553653,"C$1,179,000",4 bds,2 ba,
185 Dawlish Ave, Toronto,ON,M4N1H6,43.722026,-79.390921,"C$9,990,000",6 bds,8 ba,
40 Exmoor Dr, Toronto,ON,M8W1R5,43.592477,-79.543761,"C$1,458,000",3 bds,4 ba,
131 Brickworks Ln #BL131, Toronto,ON,M6N5H8,43.67497,-79.468291,"C$879,000",3 bds,4 ba,"1,027 sqft"
195 Upper Canada Dr, Toronto,ON,M2P1T2,43.759994,-79.394588,"C$2,195,000",4 bds,3 ba,
36 Wilson Park Rd, Toronto,ON,M6K3B5,43.637544,-79.44199,"C$1,299,000",4 bds,2 ba,
197 S Woodrow Blvd, Toronto,ON,M1N3M1,43.703661,-79.261775,"C$699,000",2 bds,1 ba,
391 Wellesley St E, Toronto,ON,M4X1H5,43.668839,-79.365713,"C$2,049,000",4 bds,3 ba,
488 University Ave #2507, Toronto,ON,M5G0C1,43.655154,-79.38905,"C$1,350,000",3 bds,2 ba,
76 Dalegrove Cres, Toronto,ON,M9B6A9,43.672876,-79.566173,"C$2,249,888",9 bds,5 ba,
67 Hillholm Rd, Toronto,ON,M5P1M4,43.697374,-79.411721,"C$15,500,000",7 bds,7 ba,
26 Crimson Millway, Toronto,ON,M2L1T6,43.752006,-79.382613,"C$1,198,000",5 bds,4 ba,
83 Bayview Rdg, Toronto,ON,M2L1E3,43.740734,-79.385072,"C$10,800,000",5 bds,6 ba,
25 Laidlaw St #516, Toronto,ON,M6K1X3,43.640554,-79.426294,"C$999,000",4 bds,3 ba,
70 Oriole Rd, Toronto,ON,M4V2G1,43.689811,-79.401305,"C$5,350,000",5 bds,5 ba,"4,400 sqft"
59 Annie Craig Dr #1003, Toronto,ON,M8V0C4,43.624949,-79.478244,"C$1,197,000",2 bds,2 ba,
16 Brookers Ln #2207, Toronto,ON,M8V0A5,43.62693,-79.47851,"C$1,149,900",2 bds,2 ba,
95 Gaydon Ave, Toronto,ON,M9M1G8,43.721696,-79.530577,"C$1,399,900",6 bds,2 ba,
77 McMurrich St #308, Toronto,ON,M5R3V3,43.674812,-79.39012,"C$1,295,000",3 bds,2 ba,
37 Vine Ave, Toronto,ON,M6P1V6,43.66642,-79.466366,"C$1,199,000",4 bds,3 ba,
25 Janus Ct, Toronto,ON,M2H1S3,43.807397,-79.369761,"C$3,688,000",5 bds,7 ba,"5,300 sqft"
19 Hedgewood Rd, Toronto,ON,M2L1L4,43.743342,-79.397858,"C$5,380,000",5 bds,5 ba,
500 Donlands Ave, Toronto,ON,M4J3S7,43.696155,-79.346168,"C$799,900",3 bds,2 ba,
435 Meadowvale Rd, Toronto,ON,M1C1S6,43.78853,-79.161669,"C$969,900",3 bds,5 ba,
133 Cordella Ave, Toronto,ON,M6N2K1,43.679261,-79.4857,"C$899,000",6 bds,1 ba,
97 Post Rd, Toronto,ON,M3B1J3,43.738724,-79.367822,"C$8,888,000",7 bds,10 ba,
7 Wortham Dr, Toronto,ON,M1G1W5,43.762929,-79.224939,"C$1,149,000",6 bds,2 ba,
25 Lower Simcoe St #318, Toronto,ON,M5J3A1,43.641411,-79.383308,"C$969,000",3 bds,2 ba,
503 Beecroft Rd #905, Toronto,ON,M2N0A2,43.778232,-79.417772,"C$663,000",2 bds,2 ba,
52 Forest Manor Rd #521, Toronto,ON,M2J0E2,43.772384,-79.344395,"C$629,900",2 bds,2 ba,
30 Herons Hill Way #506, Toronto,ON,M2J0A7,43.774938,-79.335458,"C$668,000",2 bds,2 ba,
25 Bamburgh Cir #929, Toronto,ON,M1W3W2,43.815497,-79.325582,"C$460,000",2 bds,2 ba,
13 Riverlea Rd, Toronto,ON,M9P2B1,43.699382,-79.522934,"C$2,088,000",4 bds,4 ba,
70 Annie Craig Dr #807, Toronto,ON,M8V0G2,43.624739,-79.478962,"C$889,900",3 bds,2 ba,
50 Merchant Ln #105, Toronto,ON,M6P4J6,43.656875,-79.445518,"C$808,800",3 bds,2 ba,
2 Dailing Gate #19, Toronto,ON,M1B1Z8,43.791144,-79.229702,"C$599,000",4 bds,3 ba,
61 Fulbert Cres, Toronto,ON,M1S1C5,43.790312,-79.287079,"C$1,648,000",6 bds,4 ba,
435 Middlefield Rd #56, Toronto,ON,M1S5W1,43.808839,-79.256579,"C$848,800",4 bds,4 ba,
10 Edgecliff Golfway #317, Toronto,ON,M3C3A3,43.719222,-79.326516,"C$560,000",3 bds,2 ba,"1,100 sqft"
460 Adelaide St E #820, Toronto,ON,M5A0E7,43.652787,-79.3668,"C$675,000",1 bd,2 ba,
203 Medland St, Toronto,ON,M6P2N6,43.66441,-79.466577,"C$1,998,000",4 bds,6 ba,
21 Markbrook Ln #407, Toronto,ON,M9V5E4,43.758626,-79.587586,"C$569,999",2 bds,2 ba,
3 Marine Parade Dr #808, Toronto,ON,M8V3Z5,43.630233,-79.47622,"C$499,000",2 bds,2 ba,
4 Park Vis #1006, Toronto,ON,M4B3M8,43.697968,-79.299349,"C$565,000",2 bds,2 ba,
135 Village Green Sq #418, Toronto,ON,M1S0G4,43.777872,-79.280751,"C$549,000",2 bds,2 ba,
61 Markbrook Ln #509, Toronto,ON,M9V5E7,43.759225,-79.585149,"C$549,000",2 bds,2 ba,
67 Lake Promenade, Toronto,ON,M8W1A2,43.590523,-79.522767,"C$9,200,000",5 bds,9 ba,
296 Torresdale Ave #17, Toronto,ON,M2R3N3,43.7896,-79.45287,"C$699,000",4 bds,4 ba,
262 Senlac Rd, Toronto,ON,M2R1P8,43.770953,-79.428126,"C$3,149,995",6 bds,6 ba,
32 Forest Manor Rd #416, Toronto,ON,M2J0C2,43.771726,-79.344794,"C$688,888",2 bds,2 ba,809 sqft
423 Guildwood Pkwy, Toronto,ON,M1E1R3,43.750362,-79.185067,"C$2,999,990",5 bds,6 ba,
470 Front St W #1301, Toronto,ON,M5V0V6,43.642512,-79.395988,"C$724,900",1 bd,1 ba,
3237 Bayview Ave #510, Toronto,ON,M2K0G1,43.790112,-79.392793,"C$599,000",2 bds,2 ba,
25 Broadway Ave UNIT 1105, Toronto,ON,M4P1T7,43.709918,-79.395912,"C$688,000",2 bds,1 ba,
70 Thomas Mulholland Dr #8, Toronto,ON,M3K0A5,43.73587,-79.478063,"C$1,387,888",5 bds,4 ba,
15 B Medford Ave, Toronto,ON,M1L4G1,43.695692,-79.271575,"C$1,399,900",4 bds,4 ba,
106 Yardley Ave, Toronto,ON,M4B2B1,43.713354,-79.300924,"C$1,275,000",3 bds,3 ba,
129 McMahon Dr #TOWNHOUSE 03, Toronto,ON,M2K0C2,43.767654,-79.371136,"C$1,368,000",3 bds,4 ba,
73 Richmond St W #L02, Toronto,ON,M5H4E8,43.650733,-79.382286,"C$379,000",Studio,1 ba,
213 Macdonell Ave, Toronto,ON,M6R2A4,43.64631,-79.439954,"C$1,399,900",4 bds,2 ba,
38 Dan Leckie Way #1607, Toronto,ON,M5V2V6,43.637492,-79.398104,"C$628,000",2 bds,1 ba,
11 Charlotte St #402, Toronto,ON,M5V0M6,43.646378,-79.39367,"C$575,000",1 bd,1 ba,
9 Michael Power Pl E #615, Toronto,ON,M9A0A5,43.644663,-79.529405,"C$499,000",1 bd,1 ba,
3220 Sheppard Ave E #1506, Toronto,ON,M1T3K3,43.777968,-79.312305,"C$508,000",1 bd,1 ba,
8 Tippett Rd #801, Toronto,ON,M3H0E7,43.732384,-79.446637,"C$509,000",1 bd,1 ba,
3 Everson Dr #528, Toronto,ON,M2N7C2,43.756938,-79.406496,"C$559,000",1 bd,1 ba,
121 Ford St #109, Toronto,ON,M6N3A1,43.673343,-79.462184,"C$960,000",2 bds,3 ba,
20 Tubman Ave #2307, Toronto,ON,M5A0M8,43.660593,-79.359349,"C$559,999",2 bds,1 ba,
19 Western Battery Rd #2310, Toronto,ON,M6K3N9,43.63957,-79.411329,"C$599,999",3 bds,2 ba,
111 3rd St, Toronto,ON,M8V2Y1,43.603827,-79.501393,"C$999,988",3 bds,2 ba,
45 Strader Ave, Toronto,ON,M6C1R1,43.693481,-79.44039,"C$699,999",3 bds,2 ba,
224 Coronation Dr, Toronto,ON,M1E2J4,43.762523,-79.181993,"C$989,000",3 bds,2 ba,
8 Rosebank Dr #16H, Toronto,ON,M1B5Z3,43.791844,-79.237284,"C$539,000",2 bds,1 ba,
28 Empress Ave #1916, Toronto,ON,M2N6Z7,43.769982,-79.411745,"C$779,900",2 bds,2 ba,
319 Laird Dr, Toronto,ON,M4G3X7,43.716006,-79.365486,"C$1,499,999",3 bds,2 ba,
128 Hazelton Ave #801, Toronto,ON,M5R2E5,43.674903,-79.39488,"C$8,325,000",3 bds,4 ba,
18 Kipling Grove Ct, Toronto,ON,M9B0C6,43.662635,-79.551649,"C$1,299,999",3 bds,4 ba,
488 Roselawn Ave, Toronto,ON,M5N1J8,43.70797,-79.414299,"C$2,050,000",4 bds,2 ba,
3 Sutherland Ave, Toronto,ON,M4C1R8,43.691634,-79.289858,"C$899,000",5 bds,3 ba,
33 Edwin Ave, Toronto,ON,M6P3Z5,43.662925,-79.454429,"C$2,900,000",7 bds,10 ba,
21 Fusilier Dr, Toronto,ON,M1L0C2,43.717232,-79.279496,"C$899,900",3 bds,3 ba,
121 Valley Stream Dr, Toronto,ON,M1V2A4,43.821396,-79.262866,"C$799,800",5 bds,2 ba,
